operation;value;success;time_ns;operations
insert;26425;true;32300;1
insert;72911;true;15200;4
insert;50531;true;3400;8
insert;98735;true;2100;10
insert;39258;true;1500;10
insert;78794;true;51800;21
insert;8210;true;3400;11
insert;33050;true;3100;16
insert;58383;true;2400;12
insert;40462;true;3200;18
insert;21969;true;50300;28
insert;72858;true;3500;15
insert;49859;true;3600;24
insert;7431;true;17900;16
insert;30236;true;2500;25
insert;33830;true;2700;30
insert;74928;true;25300;39
insert;33477;true;2500;16
insert;74015;true;2600;24
insert;17113;true;17000;29
insert;84789;true;4200;34
insert;73649;true;2600;29
insert;83838;true;4400;38
insert;51596;true;2900;25
insert;45255;true;2800;22
insert;2315;true;1900;13
insert;57767;true;2100;28
insert;80760;true;4000;45
insert;69949;true;2700;34
insert;74547;true;3500;45
insert;8427;true;13600;30
insert;56869;true;3000;32
insert;10941;true;13700;34
insert;78373;true;4600;53
insert;23156;true;2300;16
insert;63779;true;2300;40
insert;75745;true;3500;57
insert;79102;true;16100;64
insert;18353;true;8200;24
insert;53588;true;3900;37
insert;47127;true;37200;25
insert;12508;true;18000;26
insert;26355;true;64000;32
insert;76636;true;7100;67
insert;95080;true;8300;82
insert;36199;true;3900;22
insert;95470;true;6500;85
insert;57884;true;3000;50
insert;83100;true;5900;83
insert;51208;true;2200;44
insert;90140;true;7600;93
insert;90021;true;6700;94
insert;85192;true;6700;95
insert;69205;true;3900;64
insert;5354;true;2000;19
insert;41308;true;2600;21
insert;11000;true;2700;30
insert;30118;true;2900;22
insert;12053;true;3400;33
insert;35203;true;2400;23
insert;58702;true;3700;63
insert;51682;true;30500;54
insert;7629;true;2300;26
insert;83128;true;7300;101
insert;9705;true;2200;33
insert;11008;true;2800;40
insert;3686;true;4000;25
insert;53544;true;2600;58
insert;68654;true;4700;75
insert;11055;true;4500;46
insert;65624;true;5000;76
insert;1181;true;1500;25
insert;81434;true;7900;109
insert;43699;true;2600;24
insert;63540;true;4200;76
insert;82413;true;9000;115
insert;91871;true;9900;132
insert;21908;true;21200;57
insert;31888;true;43600;39
insert;90065;true;26000;138
insert;6040;true;3200;40
insert;82229;true;8100;117
insert;56681;true;3200;70
insert;5010;true;2500;39
insert;3792;true;2500;40
insert;39369;true;3400;20
insert;82929;true;8600;125
insert;72368;true;5400;96
insert;481;true;1900;35
insert;28136;true;3100;23
insert;98870;true;11200;152
insert;8078;true;4900;56
insert;54859;true;3400;74
insert;49235;true;16200;42
insert;62508;true;4700;89
insert;65760;true;6600;98
insert;18457;true;6600;81
insert;69840;true;6300;105
insert;28712;true;3600;26
insert;60644;true;4900;92
insert;34378;true;19700;30
insert;76652;true;12300;134
insert;45670;true;18100;23
insert;45829;true;3500;26
insert;72362;true;7500;117
insert;15958;true;6500;78
insert;55110;true;3800;86
insert;88171;true;11500;169
insert;86963;true;11700;170
insert;29746;true;17800;43
insert;34144;true;2800;18
insert;88640;true;14600;175
insert;60146;true;5000;104
insert;31111;true;4400;23
insert;83727;true;12800;169
insert;13320;true;6700;79
insert;21668;true;7300;90
insert;20383;true;7900;91
insert;60924;true;5400;110
insert;74445;true;9100;143
insert;58925;true;5400;108
insert;3398;true;2600;48
insert;26210;true;2400;25
insert;53832;true;3500;93
insert;41567;true;3200;24
insert;92812;true;14700;204
insert;87146;true;13600;193
insert;57143;true;5400;106
insert;28975;true;9500;36
insert;90962;true;14800;209
insert;32985;true;63200;45
insert;39908;true;3600;21
insert;38350;true;20000;39
insert;24281;true;3200;23
insert;19811;true;7600;95
insert;38219;true;2600;21
insert;68594;true;7600;139
insert;32570;true;31000;42
insert;63206;true;149100;132
insert;92946;true;16400;225
insert;92003;true;14700;224
insert;53739;true;3400;105
insert;22273;true;31800;35
insert;92739;true;16200;230
insert;62443;true;9100;137
insert;633;true;2200;46
insert;77664;true;10400;186
insert;6440;true;3600;65
insert;17448;true;6600;98
insert;8597;true;5700;79
insert;72298;true;7900;163
insert;61230;true;6100;140
insert;7603;true;3900;72
insert;77751;true;10400;195
insert;75263;true;10000;188
insert;12792;true;57500;99
insert;45328;true;22900;39
insert;35906;true;48900;20
insert;9147;true;6300;86
insert;79893;true;15000;207
insert;62203;true;6500;146
insert;36688;true;17300;33
insert;20165;true;8600;119
insert;65024;true;7400;159
insert;9596;true;5800;90
insert;84416;true;14500;234
insert;7097;true;3900;75
insert;2597;true;2700;62
insert;4801;true;3500;71
insert;17237;true;8100;124
insert;58032;true;5100;135
insert;3566;true;2800;69
insert;20381;true;8400;140
insert;11792;true;6900;117
insert;37480;true;3500;29
insert;24037;true;2900;25
insert;92378;true;16400;264
insert;96805;true;17500;277
insert;36528;true;3300;31
insert;679;true;2200;64
insert;26343;true;15100;43
insert;37397;true;3400;36
insert;87618;true;15000;250
insert;3572;true;2900;77
insert;29963;true;3000;28
insert;18007;true;45100;142
insert;41408;true;17700;40
insert;3818;true;41600;85
insert;48743;true;6800;31
insert;59050;true;6700;147
insert;17881;true;9900;146
insert;69918;true;9300;184
insert;47086;true;38100;159
insert;97709;true;34200;126
insert;24626;true;21800;38
insert;888;true;18000;83
insert;91743;true;27300;95
insert;37237;true;48200;61
insert;98369;true;620800;118
insert;66213;true;79900;64
insert;73410;true;5900;89
insert;29006;true;33100;39
insert;99863;true;6300;122
insert;11881;true;21300;146
insert;81454;true;2500;60
insert;44982;true;26200;79
insert;23061;true;38300;50
insert;31759;true;16000;40
insert;42588;true;2700;44
insert;88144;true;3900;89
insert;85080;true;2800;82
insert;95633;true;5000;125
insert;27217;true;2500;28
insert;93599;true;4700;122
insert;89656;true;3900;101
insert;31528;true;1700;23
insert;80105;true;5500;119
insert;51082;true;3600;68
insert;88616;true;3800;100
insert;806;true;2000;73
insert;69448;true;3200;75
insert;10666;true;128200;128
insert;70043;true;4300;84
insert;22385;true;3700;23
insert;25933;true;2400;25
insert;68025;true;2700;71
insert;26364;true;2200;27
insert;52498;true;5600;33
insert;67960;true;2700;72
insert;14329;true;6700;151
insert;15217;true;5900;154
insert;53124;true;2100;36
insert;77734;true;5300;125
insert;28434;true;20900;50
insert;34582;true;2400;28
insert;16342;true;5500;159
insert;48489;true;3100;64
insert;48378;true;2900;65
insert;3499;true;2300;90
insert;77312;true;4800;124
insert;23459;true;268600;44
insert;59291;true;32600;42
insert;16928;true;44400;177
insert;94996;true;6100;131
insert;12974;true;24500;168
insert;77144;true;6100;125
insert;47079;true;3600;62
insert;39232;true;23400;67
insert;72370;true;4400;102
insert;68074;true;3000;81
insert;98024;true;6400;144
insert;41578;true;23600;63
insert;79277;true;6600;151
insert;96852;true;6200;146
insert;52527;true;2100;40
insert;60257;true;13800;50
insert;28523;true;53800;65
insert;50069;true;4900;37
insert;34283;true;1751200;40
insert;97451;true;7065000;149
insert;53554;true;274000;47
insert;48203;true;3500;28
insert;30479;true;165900;66
insert;87626;true;6800;107
insert;5950;true;4600;111
insert;51096;true;174800;47
insert;2491;true;6664300;90
insert;35296;true;13900;23
insert;50185;true;51300;47
insert;64433;true;2300;77
insert;52428;true;1400;43
insert;54107;true;1900;62
insert;84287;true;1900;94
insert;2123;true;1600;89
insert;32532;true;4800;30
insert;81042;true;1200;77
insert;29589;true;1900;26
insert;94825;true;3200;150
insert;77046;true;3100;142
insert;39003;true;1300;38
insert;60185;true;1500;54
insert;4630;true;1700;112
insert;71864;true;3000;111
insert;7608;true;1700;133
insert;82817;true;1200;89
insert;576;true;800;82
insert;45358;true;1800;41
insert;4525;true;1600;117
insert;900;true;1000;94
insert;90986;true;2100;138
insert;80753;true;2800;167
insert;7134;true;2000;139
insert;96620;true;2400;167
insert;71603;true;1600;113
insert;59563;true;900;53
insert;57065;true;2200;73
insert;75898;true;1800;146
insert;15358;true;2600;192
insert;75974;true;2000;149
insert;9720;true;1900;165
insert;90315;true;1800;138
insert;65169;true;900;88
insert;49963;true;1800;46
insert;11401;true;2100;178
insert;58842;true;800;48
insert;60929;true;1200;69
insert;80284;true;2300;183
insert;25003;true;1700;29
insert;29967;true;992400;47
insert;43456;true;7900;34
insert;51189;true;2900;56
insert;49509;true;1100;46
insert;5066;true;47200;133
insert;45685;true;3400;49
insert;17623;true;4400;216
insert;31689;true;2400;33
insert;86749;true;2100;115
insert;37198;true;1600;26
insert;29440;true;1000;28
insert;77946;true;3700;172
insert;81645;true;1100;90
insert;7582;true;1800;151
insert;984;true;1100;104
insert;80828;true;1200;85
insert;28814;true;177100;44
insert;77532;true;5300;167
insert;88329;true;2700;136
insert;59549;true;2400;58
insert;48604;true;1100;43
insert;34160;true;139900;46
insert;47241;true;1900;38
insert;987;true;1900;107
insert;74649;true;2900;148
insert;67931;true;1400;101
insert;94230;true;3600;173
insert;49642;true;1500;55
insert;40830;true;1800;51
insert;30676;true;11500;43
insert;39154;true;1900;42
insert;45746;true;1800;52
insert;81485;true;1100;96
insert;64013;true;1000;90
insert;27512;true;17200;29
insert;34907;true;24500;53
insert;84539;true;1800;121
insert;8365;true;2700;170
insert;48756;true;1600;52
insert;69871;true;1900;123
insert;57572;true;1700;78
insert;26438;true;19700;42
insert;63887;true;1000;92
insert;29825;true;28700;50
insert;48883;true;1100;55
insert;89553;true;1800;150
insert;54153;true;1200;67
insert;32916;true;14800;46
insert;86018;true;1800;131
insert;26896;true;12700;50
insert;13148;true;22200;221
insert;35678;true;1300;29
insert;88954;true;1800;154
insert;2467;true;13000;130
insert;6584;true;12400;169
insert;95026;true;3300;195
insert;77460;true;2300;183
insert;71971;true;1900;140
insert;11504;true;16100;216
insert;77523;true;2600;189
insert;99558;true;3500;222
insert;66240;true;1400;112
insert;63931;true;1100;99
insert;71587;true;1800;144
insert;28416;true;21700;46
insert;72425;true;2100;161
insert;53659;true;1200;62
insert;34001;true;7800;33
insert;5164;true;12900;163
insert;46192;true;1300;60
insert;62989;true;1800;80
insert;48839;true;900;56
insert;36352;true;8200;48
insert;64750;true;1400;108
insert;50483;true;1300;75
insert;16419;true;13800;248
insert;41790;true;2200;65
insert;67045;true;1500;123
insert;49368;true;1000;64
insert;28664;true;26700;67
insert;98038;true;3300;217
insert;42981;true;1000;41
insert;25362;true;19200;56
insert;74860;true;3200;186
insert;54994;true;1500;75
insert;34762;true;13000;41
insert;51399;true;900;46
insert;62775;true;1700;84
insert;76052;true;2700;199
insert;53843;true;1400;73
insert;77983;true;3500;226
insert;20707;true;16900;277
insert;43670;true;13500;62
insert;50807;true;1500;83
insert;63416;true;1000;101
insert;36903;true;1300;30
insert;28274;true;23700;46
insert;98451;true;3200;225
insert;31505;true;1400;23
insert;88402;true;2300;158
insert;6717;true;2500;166
insert;87412;true;2500;149
insert;76978;true;3200;213
insert;66199;true;1300;130
insert;28366;true;1300;30
insert;21413;true;3600;271
insert;99631;true;3500;240
insert;65558;true;1200;127
insert;92115;true;2000;193
insert;6960;true;1600;170
insert;17391;true;2800;253
insert;59675;true;1100;68
insert;98107;true;3200;234
insert;98742;true;3200;243
insert;27907;true;800;27
insert;55128;true;1600;89
insert;40478;true;1300;62
insert;11821;true;3300;222
insert;11771;true;3000;221
insert;81097;true;1200;110
insert;71145;true;2200;168
insert;65894;true;1600;135
insert;10874;true;2600;210
insert;27027;true;1700;38
insert;10865;true;2700;211
insert;16074;true;3200;256
insert;17207;true;3900;267
insert;84518;true;2000;141
insert;91334;true;2700;196
insert;11398;true;3300;226
insert;58515;true;1200;55
insert;52792;true;1300;64
insert;21448;true;3900;301
insert;67596;true;1700;146
insert;82382;true;1300;125
insert;26893;true;1200;40
insert;21098;true;4000;300
insert;97495;true;3300;242
insert;63782;true;1200;117
insert;14869;true;3600;257
insert;9418;true;2500;210
insert;84026;true;1800;143
insert;76122;true;3800;228
insert;28322;true;1000;34
insert;96376;true;3300;238
insert;81152;true;1100;119
insert;1339;true;1300;135
insert;23285;true;1400;26
insert;17083;true;3100;280
insert;13099;true;3000;259
insert;83987;true;1600;148
insert;24017;true;15300;45
insert;25750;true;900;35
insert;67696;true;1700;153
insert;91894;true;2300;217
insert;81982;true;20200;132
insert;48706;true;1500;59
insert;34640;true;1900;36
insert;83707;true;1700;149
insert;91808;true;2900;222
insert;62387;true;1500;90
insert;77141;true;2900;242
insert;83003;true;1400;147
insert;4410;true;1600;164
insert;99996;true;4400;293
insert;30658;true;1400;30
insert;75608;true;2800;225
insert;99701;true;3700;295
insert;2196;true;1400;143
insert;58565;true;1000;59
insert;47236;true;800;50
insert;59628;true;1400;76
insert;91596;true;2700;226
insert;16677;true;4000;288
insert;84090;true;2300;167
insert;94242;true;3300;256
insert;48028;true;1100;55
insert;92212;true;3400;245
insert;908;true;1200;135
insert;29195;true;1400;30
insert;29786;true;1400;29
insert;64892;true;1400;134
insert;70310;true;2100;187
insert;74625;true;2900;224
insert;81303;true;1300;134
insert;18225;true;4400;314
insert;11192;true;4400;249
insert;70656;true;2800;191
insert;14698;true;3700;282
insert;82749;true;1700;153
insert;78456;true;8200;282
insert;37987;true;15100;53
insert;76180;true;3800;251
insert;97648;true;3500;292
insert;53756;true;2200;79
insert;67786;true;2300;166
insert;85352;true;1800;193
insert;38551;true;1000;49
insert;54654;true;1500;90
insert;63082;true;1900;104
insert;43332;true;1100;48
insert;50670;true;2800;96
insert;38973;true;1000;52
insert;48926;true;1300;77
insert;99229;true;3900;316
insert;32573;true;1700;31
insert;99131;true;3900;317
insert;33732;true;1400;32
insert;61300;true;2100;96
insert;55033;true;1600;97
insert;22285;true;16500;40
insert;72609;true;2900;219
insert;49254;true;1400;82
insert;89623;true;3100;228
insert;15556;true;19200;302
insert;44233;true;2000;57
insert;95453;true;4300;285
insert;5692;true;2200;192
insert;52978;true;1400;70
insert;36426;true;3200;34
insert;50771;true;2200;105
insert;67455;true;1900;164
insert;74389;true;2700;235
insert;30053;true;8700;54
insert;6981;true;2300;207
insert;40453;true;1500;67
insert;36276;true;7800;44
insert;50022;true;1900;96
insert;80153;true;4500;310
insert;97330;true;4200;300
insert;22912;true;8200;40
insert;42077;true;3600;83
insert;28390;true;2500;42
insert;93213;true;4600;273
insert;16567;true;5100;308
insert;36502;true;10700;49
insert;65405;true;1800;151
insert;7331;true;4200;215
insert;41523;true;1900;81
insert;75120;true;3600;254
insert;10537;true;3400;248
insert;24378;true;1400;27
insert;26570;true;1100;23
insert;88432;true;3300;224
insert;84529;true;2400;193
insert;96851;true;5000;308
insert;67096;true;2200;171
insert;76463;true;3600;276
insert;86481;true;1900;209
insert;54563;true;1500;95
insert;35889;true;230500;44
insert;97476;true;6800;320
insert;49278;true;2000;87
insert;93504;true;4500;287
insert;87153;true;2600;220
insert;56567;true;2400;110
insert;92389;true;4000;283
insert;4752;true;2600;187
insert;89187;true;3400;246
insert;97351;true;6100;331
insert;34965;true;2926300;43
insert;58796;true;2900;67
insert;29323;true;49400;51
insert;20606;true;117300;356
insert;63723;true;2400;135
insert;7482;true;2600;225
insert;60579;true;2900;92
insert;75607;true;5100;266
insert;76770;true;4400;289
insert;4511;true;2000;186
insert;57364;true;2600;121
insert;79177;true;5200;326
insert;93949;true;4477800;302
insert;49400;true;6100;92
insert;37294;true;31300;50
insert;48508;true;2000;71
insert;53948;true;2500;94
insert;64398;true;2700;151
insert;37388;true;11697900;51
insert;30875;true;718800;50
insert;94933;true;9300;311
insert;238;true;232500;147
insert;92662;true;5700;292
insert;92152;true;3600;287
insert;4710;true;14400;208
insert;32529;true;6400;39
insert;11025;true;11300;291
insert;21277;true;559800;390
insert;68393;true;4800;200
insert;60311;true;2800;93
insert;27859;true;1500;30
insert;65474;true;1900;167
insert;52973;true;2000;75
insert;67722;true;2300;194
insert;50075;true;3100;110
insert;9808;true;30000;279
insert;55092;true;2600;114
insert;17421;true;12500;366
insert;46416;true;2000;78
insert;71658;true;3500;237
insert;536;true;16000;157
insert;95937;true;5600;332
insert;91686;true;3700;277
insert;42831;true;1200;49
insert;36642;true;7300;46
insert;22438;true;11700;54
insert;13012;true;10800;328
insert;14147;true;66800;337
insert;57055;true;2500;127
insert;90424;true;3900;270
insert;48099;true;1400;67
insert;93837;true;4500;317
insert;52847;true;1400;78
insert;47009;true;1500;84
insert;65827;true;2000;178
insert;72009;true;3100;247
insert;81639;true;1500;170
insert;28068;true;1300;35
insert;55409;true;1800;125
insert;48083;true;1300;68
insert;14641;true;10900;342
insert;10839;true;8100;293
insert;46473;true;1200;85
insert;3785;true;11400;208
insert;81700;true;1600;175
insert;27074;true;11500;65
insert;99160;true;5300;392
insert;66697;true;1900;190
insert;4538;true;8400;221
insert;19164;true;14500;404
insert;70318;true;3100;237
insert;74994;true;4400;292
insert;21699;true;11600;429
insert;55229;true;2800;126
insert;74225;true;3300;279
insert;11696;true;9900;326
insert;58726;true;1700;70
insert;6586;true;22600;253
insert;22776;true;7800;43
insert;59918;true;1800;91
insert;30135;true;5300;43
insert;32872;true;1300;31
insert;32443;true;900;36
insert;5478;true;8900;244
insert;26986;true;18900;65
insert;13247;true;4500;345
insert;19211;true;5700;408
insert;40024;true;2000;70
insert;13837;true;4400;351
insert;62383;true;2000;116
insert;69217;true;2800;226
insert;99095;true;5700;391
insert;39371;true;1500;69
insert;92605;true;4500;312
insert;57551;true;2400;145
insert;43520;true;1400;60
insert;32472;true;1100;39
insert;91897;true;4100;301
insert;12774;true;4500;338
insert;22417;true;1000;30
insert;35480;true;20900;55
insert;21004;true;5800;429
insert;29859;true;10300;42
insert;15255;true;5500;370
insert;21201;true;6200;437
insert;99749;true;6100;412
insert;99688;true;6200;411
insert;60232;true;2100;99
insert;78676;true;6300;359
insert;99827;true;6200;418
insert;90152;true;1219900;283
insert;37955;true;69200;79
insert;21577;true;10000;446
insert;52587;true;2300;80
insert;37751;true;13300;63
insert;49635;true;3000;107
insert;59765;true;2200;94
insert;57051;true;3000;141
insert;36657;true;12800;63
insert;53365;true;1500;94
insert;11330;true;3700;323
insert;58293;true;1300;67
insert;17752;true;5100;412
insert;48838;true;1400;90
insert;30749;true;1300;36
insert;73351;true;8700;278
insert;21441;true;4600;451
insert;94785;true;4700;346
insert;11943;true;3500;344
insert;3336;true;1800;205
insert;65403;true;1700;177
insert;78878;true;5100;370
insert;41671;true;564500;74
insert;94763;true;6000;347
insert;55921;true;3000;139
insert;61701;true;2800;124
insert;9315;true;3900;298
insert;72426;true;5000;277
insert;26112;true;1300;29
insert;85059;true;2400;232
insert;43481;true;19300;80
insert;65932;true;2300;196
insert;39122;true;266500;56
insert;48918;true;3300;97
insert;83183;true;2400;209
insert;1513;true;1700;195
insert;6100;true;3000;260
insert;810;true;1300;183
insert;91818;true;36300;312
insert;16976;true;8700;416
insert;57202;true;3700;156
insert;6350;true;2900;267
insert;66839;true;3100;207
insert;80755;true;6700;395
insert;96186;true;5900;379
insert;54159;true;2400;121
insert;10581;true;4200;326
insert;76413;true;5000;339
insert;60594;true;2300;115
insert;86201;true;3200;248
insert;67805;true;2900;226
insert;88837;true;7900;281
insert;29129;true;39000;43
insert;69620;true;3400;249
insert;58381;true;1400;72
insert;84634;true;2700;238
insert;54178;true;2500;124
insert;1395;true;1800;203
insert;83222;true;2300;217
insert;30144;true;19200;50
insert;13576;true;22800;399
insert;97609;true;6500;413
insert;39275;true;8900;59
insert;78370;true;6400;381
insert;79717;true;5900;400
insert;21267;true;7500;486
insert;15219;true;5800;415
insert;99898;true;7000;458
insert;865;true;5400;198
insert;12782;true;5400;389
insert;14033;true;5900;410
insert;81758;true;2100;197
insert;96252;true;6100;398
insert;72430;true;4300;295
insert;61192;true;3100;126
insert;12125;true;5400;387
insert;78511;true;6400;392
insert;15504;true;6200;434
insert;86287;true;3400;263
insert;31546;true;1200;40
insert;71611;true;4100;277
insert;88860;true;3800;298
insert;85500;true;3100;261
insert;85922;true;3200;264
insert;14274;true;227100;419
insert;63123;true;4500;148
insert;1435;true;1800;222
insert;76523;true;5700;358
insert;51984;true;1300;80
insert;39507;true;1500;52
insert;94130;true;5000;383
insert;40430;true;1200;59
insert;95463;true;5900;406
insert;83668;true;2100;231
insert;72949;true;4200;309
insert;49252;true;2100;103
insert;79630;true;6200;416
insert;5720;true;3000;285
insert;59425;true;1800;96
insert;14123;true;5800;424
insert;87691;true;3100;294
insert;985;true;1400;217
insert;30782;true;27800;57
insert;87211;true;4000;289
insert;38529;true;1600;54
insert;21823;true;7700;536
insert;3105;true;2200;245
insert;90995;true;4400;344
insert;3831;true;2400;266
insert;6130;true;3200;305
insert;32894;true;7200;56
insert;62698;true;2600;149
insert;59680;true;1700;108
insert;34236;true;1100;25
insert;56399;true;2800;151
insert;98503;true;7000;467
insert;15923;true;6400;464
insert;16533;true;6600;475
insert;23185;true;1100;29
insert;3627;true;2500;262
insert;42907;true;2000;55
insert;58304;true;1400;77
insert;93528;true;5500;392
insert;61117;true;2500;138
insert;39600;true;1900;56
insert;94686;true;5800;407
insert;93264;true;5300;392
insert;27376;true;1300;35
insert;42757;true;1300;54
insert;49731;true;2300;120
insert;19331;true;7300;521
insert;943;true;1700;224
insert;73585;true;4400;317
insert;48502;true;1400;83
insert;34403;true;1100;32
insert;79603;true;6500;420
insert;92457;true;5300;381
insert;32789;true;8800;52
insert;82566;true;2000;224
insert;29623;true;1000;34
insert;30355;true;6900;42
insert;82828;true;2100;231
insert;4412;true;2800;281
insert;90534;true;4500;352
insert;92352;true;5200;387
insert;27969;true;1400;44
insert;64114;true;1700;183
insert;51231;true;1300;76
insert;44011;true;1900;75
insert;47514;true;1300;72
insert;87337;true;7800;306
insert;17815;true;7500;514
insert;62467;true;2600;157
insert;8152;true;4200;355
insert;99319;true;7600;511
insert;58595;true;1600;90
insert;46303;true;2000;98
insert;44231;true;1800;79
insert;93794;true;6500;420
insert;99435;true;7900;517
insert;69006;true;3300;256
insert;10781;true;4800;386
insert;97623;true;7100;486
insert;87452;true;3800;315
insert;45541;true;2000;92
insert;72576;true;4200;313
insert;79652;true;6600;434
insert;72654;true;5200;319
insert;23303;true;98000;48
insert;72948;true;6900;326
insert;67605;true;2600;239
insert;42215;true;1700;58
insert;19231;true;9100;537
insert;83870;true;2800;262
insert;75910;true;118900;374
insert;3230;true;2500;262
insert;21143;true;8300;561
insert;21164;true;8000;564
insert;74741;true;5000;357
insert;69785;true;16100;276
insert;43042;true;1800;67
insert;20367;true;7200;551
insert;7865;true;26000;362
insert;18302;true;6500;539
insert;78129;true;6000;429
insert;61385;true;2900;151
insert;34045;true;29900;44
insert;541;true;1500;218
insert;57631;true;50200;179
insert;23908;true;1700;34
insert;34125;true;9600;40
insert;5158;true;2700;317
insert;52155;true;1500;88
insert;68723;true;3000;268
insert;52295;true;1300;91
insert;33446;true;472600;34
insert;51608;true;2200;86
insert;98754;true;8500;515
insert;33595;true;8600;39
insert;83490;true;2600;256
insert;25094;true;1500;36
insert;53343;true;2100;115
insert;9215;true;5000;386
insert;3037;true;2300;271
insert;77138;true;6000;411
insert;22324;true;1000;34
insert;84367;true;2600;277
insert;67688;true;2500;248
insert;63757;true;1300;187
insert;24608;true;1200;34
insert;38381;true;1500;55
insert;90606;true;4900;376
insert;87009;true;3000;317
insert;91260;true;3800;388
insert;50628;true;2200;145
insert;84254;true;2400;279
insert;69184;true;3100;280
insert;68220;true;3000;271
insert;76233;true;5600;408
insert;27515;true;1800;41
insert;44581;true;2100;88
insert;49137;true;2200;110
insert;85658;true;3300;308
insert;27088;true;1400;46
insert;51862;true;1400;92
insert;14111;true;6200;480
insert;58872;true;1800;102
insert;27242;true;1200;38
insert;99694;true;8400;559
insert;88676;true;4200;360
insert;81962;true;1700;237
insert;22112;true;1100;31
insert;84915;true;3200;304
insert;32240;true;1200;33
insert;68099;true;3900;273
insert;79119;true;6400;472
insert;91394;true;5200;409
insert;16075;true;7500;515
insert;82157;true;1900;244
insert;36899;true;9400;55
insert;81061;true;1400;221
insert;76005;true;5500;407
insert;12776;true;5800;460
insert;77850;true;6500;454
insert;37049;true;6700;53
insert;45313;true;5700;112
insert;8750;true;4400;391
insert;54221;true;2500;149
insert;44318;true;4800;107
insert;82758;true;2100;260
insert;2219;true;1900;268
insert;24357;true;1000;36
insert;23051;true;1800;50
insert;50255;true;2800;145
insert;43420;true;18800;92
insert;71131;true;3900;319
insert;98203;true;8000;549
insert;5791;true;3600;341
insert;90054;true;4400;396
insert;4427;true;3000;312
insert;64381;true;1700;210
insert;80445;true;7500;507
insert;99836;true;8800;595
insert;58971;true;1800;107
insert;1629;true;1900;267
insert;63625;true;1400;196
insert;1304;true;1800;260
insert;37246;true;4700;57
insert;63021;true;3200;180
insert;135;true;1100;225
insert;40986;true;4800;63
insert;95436;true;7300;506
insert;13998;true;7000;504
insert;10092;true;5200;429
insert;76832;true;6000;441
insert;22825;true;1100;49
insert;42379;true;4800;81
insert;75985;true;6200;420
insert;32911;true;1300;36
insert;58128;true;1300;83
insert;91952;true;5400;443
insert;72320;true;4400;349
insert;81375;true;1600;236
insert;13484;true;6600;504
insert;7966;true;7200;401
insert;15514;true;6900;544
insert;92713;true;5900;469
insert;95697;true;496100;526
insert;63040;true;6000;186
insert;60548;true;2900;145
insert;74614;true;4300;396
insert;30345;true;1400;29
insert;4859;true;2700;343
insert;47192;true;1000;72
insert;69650;true;2600;313
insert;94328;true;4600;501
insert;98873;true;6300;588
insert;37900;true;1984500;66
insert;93238;true;12300;483
insert;56824;true;4400;180
insert;15754;true;10500;552
insert;51570;true;1900;89
insert;19757;true;9300;617
insert;80525;true;9100;528
insert;62530;true;2600;182
insert;62655;true;2700;185
insert;50448;true;3200;151
insert;52330;true;1600;106
insert;20385;true;8300;630
insert;98926;true;11300;594
insert;39839;true;2000;65
insert;56846;true;4000;189
insert;92173;true;7300;461
insert;34524;true;13800;46
insert;62218;true;3300;177
insert;10352;true;4900;443
insert;84315;true;3000;319
insert;11820;true;6300;486
insert;25055;true;1200;37
insert;7252;true;4300;395
insert;84036;true;3000;314
insert;89762;true;4900;417
insert;36198;true;12000;44
insert;72022;true;4700;356
insert;11349;true;5200;478
insert;55230;true;3100;181
insert;47817;true;1400;85
insert;46982;true;3700;126
insert;63044;true;3000;204
insert;91649;true;5500;452
insert;76778;true;10500;461
insert;39841;true;1500;62
insert;8883;true;4600;431
insert;57327;true;3000;210
insert;22839;true;1100;52
insert;25143;true;5500;59
insert;61702;true;4200;177
insert;26114;true;1100;40
insert;1322;true;1900;280
insert;49683;true;2600;142
insert;13609;true;6700;537
insert;88331;true;4700;395
insert;78698;true;7500;508
insert;23474;true;6700;53
insert;41344;true;3500;52
insert;94014;true;7300;522
insert;37669;true;4200;56
insert;20521;true;61900;654
insert;45385;true;2500;109
insert;15367;true;7100;571
insert;42947;true;1500;72
insert;99597;true;9300;635
insert;70625;true;4200;339
insert;61190;true;3000;168
insert;16192;true;7600;590
insert;55565;true;3200;187
insert;12615;true;6600;517
insert;15194;true;7500;568
insert;52087;true;1700;110
insert;43403;true;1700;81
insert;96527;true;7500;570
insert;62928;true;3300;205
insert;73942;true;5500;402
insert;91639;true;5500;459
insert;69251;true;3500;319
insert;43161;true;1500;80
insert;59792;true;2200;144
insert;71562;true;4100;352
insert;88199;true;4300;398
insert;66376;true;2600;269
insert;32158;true;1400;34
insert;52368;true;1800;119
insert;55350;true;3200;192
insert;62749;true;3500;207
insert;68028;true;3100;302
insert;54241;true;2700;173
insert;62485;true;15500;200
insert;61202;true;3100;179
insert;8237;true;5100;433
insert;35677;true;1200;36
insert;82162;true;2000;279
insert;67447;true;2700;281
insert;88249;true;4400;404
insert;946;true;1700;278
insert;83112;true;2500;305
insert;38459;true;1000;28
insert;43414;true;1700;87
insert;95806;true;7400;578
insert;24757;true;1000;40
insert;28097;true;1700;55
insert;49985;true;2600;151
insert;32670;true;1500;41
insert;24042;true;1100;37
insert;29205;true;1200;32
insert;49857;true;2600;148
insert;31877;true;7500;45
insert;20767;true;9500;679
insert;27678;true;1300;48
insert;69959;true;4000;348
insert;10070;true;5400;466
insert;3864;true;2900;347
insert;95496;true;10700;575
insert;81175;true;1700;260
insert;41835;true;1700;67
insert;41849;true;1500;70
insert;30791;true;1100;44
insert;55142;true;3200;192
insert;29132;true;1300;34
insert;38432;true;900;29
insert;14899;true;7800;582
insert;21066;true;9900;693
insert;13890;true;7500;564
insert;95027;true;7800;569
insert;31450;true;1000;31
insert;61658;true;4000;188
insert;74856;true;6200;441
insert;41848;true;1500;71
insert;74195;true;5500;426
insert;1972;true;2200;309
insert;95314;true;8000;574
insert;24625;true;1200;37
insert;8719;true;5200;456
insert;40917;true;1400;52
insert;82847;true;3200;307
insert;56970;true;3700;219
insert;67530;true;2800;289
insert;74623;true;5800;442
insert;95318;true;7800;580
insert;46963;true;2600;142
insert;83961;true;3000;337
insert;81458;true;1800;276
insert;88182;true;4700;423
insert;19342;true;9400;679
insert;88926;true;4500;448
insert;89294;true;5400;455
insert;70504;true;4300;363
insert;38133;true;1100;36
insert;35425;true;5000;48
insert;4296;true;2900;358
insert;59072;true;1800;133
insert;93432;true;6700;554
insert;51188;true;3200;185
insert;26554;true;1200;47
insert;75439;true;6200;466
insert;71354;true;4400;375
insert;38961;true;9200;63
insert;35843;true;4300;55
insert;87308;true;3900;411
insert;8978;true;4200;467
insert;45069;true;2000;118
insert;22851;true;1300;55
insert;86807;true;3700;402
insert;90439;true;4700;487
insert;32074;true;800;32
insert;14209;true;6300;590
insert;70760;true;4300;372
insert;18294;true;9500;675
insert;40393;true;1300;45
insert;61484;true;3000;192
insert;33420;true;7000;35
insert;33089;true;5600;35
insert;73292;true;5600;429
insert;36610;true;1100;29
insert;84346;true;3400;364
insert;99512;true;11500;703
insert;12838;true;6900;560
insert;83752;true;2600;346
insert;39049;true;1200;47
insert;14602;true;8800;601
insert;95012;true;8300;607
insert;56377;true;3300;208
insert;72729;true;5300;422
insert;12429;true;6400;550
insert;41152;true;1500;60
insert;18456;true;9500;691
insert;67482;true;2900;297
insert;77123;true;7000;528
insert;40983;true;1800;59
insert;2719;true;2400;336
insert;33097;true;7600;48
insert;19061;true;9500;699
insert;3116;true;2800;344
insert;78481;true;8000;565
insert;76653;true;7000;520
insert;71926;true;4700;401
insert;65934;true;2300;282
insert;50272;true;2900;168
insert;86747;true;4200;410
insert;74663;true;6300;477
insert;3439;true;2800;353
insert;17894;true;9300;692
insert;54844;true;2800;183
insert;30730;true;1100;41
insert;56232;true;3400;212
insert;46172;true;2700;141
insert;68759;true;3500;346
insert;86703;true;4200;411
insert;14637;true;7500;619
insert;74093;true;5900;463
insert;86792;true;4900;418
insert;52231;true;1700;123
insert;14688;true;8400;624
insert;95389;true;6500;629
insert;1832;true;3500;327
insert;93597;true;7800;588
insert;94927;true;8400;617
insert;52717;true;2000;140
insert;92396;true;6700;564
insert;26033;true;5100;61
insert;53641;true;2400;163
insert;20402;true;11100;744
insert;20345;true;9600;737
insert;92483;true;7300;569
insert;92985;true;7500;584
insert;56255;true;3600;224
insert;15949;true;9700;660
insert;32273;true;9100;52
insert;50345;true;2800;171
insert;10345;true;5600;515
insert;50658;true;2800;182
insert;5213;true;3400;418
insert;27113;true;4300;70
insert;92982;true;7600;585
insert;26207;true;1300;49
insert;47907;true;1400;95
insert;33443;true;6600;54
insert;92590;true;7100;574
insert;97183;true;9600;687
insert;72757;true;5600;442
insert;53430;true;2300;159
insert;87585;true;4500;450
insert;87619;true;4800;455
insert;92048;true;7000;562
insert;67366;true;2600;305
insert;30613;true;5100;55
insert;3459;true;2900;367
insert;26463;true;6100;68
insert;63405;true;1300;234
insert;57851;true;3800;265
insert;18414;true;9000;728
insert;35568;true;8900;65
insert;72395;true;5100;435
insert;40737;true;1400;56
insert;85198;true;4600;409
insert;81282;true;1500;296
insert;47132;true;1100;86
insert;90629;true;6100;533
insert;81956;true;1900;320
insert;24962;true;1600;43
insert;4640;true;3600;407
insert;94793;true;7900;653
insert;83115;true;2800;358
insert;16832;true;8900;694
insert;13836;true;7600;619
insert;36632;true;5500;45
insert;38923;true;1100;42
insert;29478;true;7400;66
insert;82713;true;2300;341
insert;69907;true;3900;380
insert;27583;true;4900;63
insert;39249;true;1000;36
insert;97292;true;9800;720
insert;58356;true;1500;109
insert;89275;true;6500;515
insert;5996;true;4200;442
insert;77286;true;7400;571
insert;43132;true;1700;88
insert;78690;true;8900;608
insert;74594;true;6500;493
insert;10259;true;5900;531
insert;97208;true;9700;724
insert;33681;true;1000;26
insert;70206;true;4300;394
insert;30311;true;5600;59
insert;31296;true;1000;29
insert;74677;true;6600;509
insert;34172;true;1100;32
insert;44764;true;2100;121
insert;92704;true;7500;615
insert;65369;true;1900;280
insert;94774;true;8300;666
insert;30844;true;4900;82
insert;38911;true;1400;43
insert;33722;true;2700;43
insert;84212;true;3300;399
insert;82018;true;2000;336
insert;33994;true;1000;36
insert;57309;true;3700;257
insert;99067;true;10100;785
insert;63484;true;1200;247
insert;86432;true;3900;452
insert;47494;true;1700;95
insert;96822;true;9800;735
insert;30266;true;4500;61
insert;16977;true;9400;710
insert;58373;true;1500;112
insert;51542;true;1200;114
insert;22570;true;1100;50
insert;1391;true;1900;333
insert;32080;true;800;31
insert;27294;true;4500;58
insert;43773;true;1900;112
insert;54403;true;2800;199
insert;73573;true;6000;484
insert;97244;true;10000;746
insert;5969;true;4200;448
insert;75665;true;8000;541
insert;71530;true;4700;424
insert;23966;true;3300;50
insert;5135;true;3800;431
insert;23981;true;2900;51
insert;53136;true;2300;162
insert;61214;true;3100;193
insert;96515;true;9500;731
insert;65304;true;2100;287
insert;22983;true;1900;63
insert;18891;true;10300;762
insert;13979;true;7700;643
insert;31205;true;1100;30
insert;72150;true;5000;450
insert;56267;true;3700;241
insert;90421;true;6100;556
insert;34919;true;1300;38
insert;33865;true;1100;37
insert;44170;true;2100;117
insert;4421;true;3400;410
insert;6669;true;4600;475
insert;24448;true;1100;39
insert;70373;true;4500;415
insert;75123;true;6400;546
insert;26704;true;1300;46
insert;75249;true;6900;549
insert;65622;true;2300;304
insert;82957;true;2500;371
insert;57026;true;4100;260
insert;38013;true;5300;54
insert;80099;true;9700;677
insert;48573;true;1900;120
insert;52731;true;1900;155
insert;76586;true;7800;592
insert;69434;true;3800;395
insert;68718;true;3700;382
insert;2956;true;2500;370
insert;24506;true;7100;62
insert;90328;true;6300;560
insert;94811;true;9100;695
insert;10705;true;6400;565
insert;96000;true;9600;738
insert;13411;true;8000;644
insert;41532;true;1600;77
insert;67405;true;2900;341
insert;53451;true;2300;176
insert;4389;true;3300;413
insert;60774;true;2700;182
insert;66408;true;2600;332
insert;82494;true;1900;359
insert;56939;true;3900;265
insert;67840;true;3300;369
insert;3690;true;3000;402
insert;61976;true;3300;213
insert;52131;true;2600;138
insert;23092;true;1400;67
insert;73488;true;6300;520
insert;50517;true;3300;191
insert;98151;true;10900;796
insert;30224;true;9600;75
insert;65184;true;2200;301
insert;18893;true;10400;789
insert;5167;true;4000;456
insert;48179;true;1600;112
insert;10191;true;7000;565
insert;38028;true;9500;73
insert;45480;true;2500;144
insert;81861;true;1800;343
insert;93435;true;9000;670
insert;750;true;1400;318
insert;26972;true;1300;56
insert;24222;true;5600;57
insert;24758;true;1200;45
insert;58385;true;2200;122
insert;95347;true;9200;729
insert;26379;true;1200;50
insert;94621;true;8700;698
insert;94291;true;8700;697
insert;60435;true;2700;179
insert;40684;true;1300;58
insert;90004;true;6200;562
insert;53489;true;2400;183
insert;61818;true;3400;220
insert;62209;true;3400;227
insert;49640;true;2500;163
insert;98698;true;11000;825
insert;28323;true;5800;87
insert;85558;true;4300;466
insert;68724;true;4000;400
insert;61761;true;3600;222
insert;23657;true;3100;52
insert;16133;true;9700;737
insert;61030;true;3000;199
insert;77714;true;8900;655
insert;67949;true;3600;380
insert;80325;true;9600;719
insert;73683;true;6900;540
insert;86301;true;4300;479
insert;74523;true;6800;557
insert;11655;true;8000;616
insert;32479;true;1100;33
insert;55038;true;3300;232
insert;47787;true;1400;104
insert;88155;true;5200;526
insert;32762;true;1100;38
insert;97148;true;10300;793
insert;29639;true;9500;65
insert;12462;true;7700;639
insert;88025;true;5600;526
insert;3184;true;2800;392
insert;72719;true;6100;516
insert;22100;true;1200;39
insert;8548;true;5700;545
insert;92927;true;8200;677
insert;73770;true;6100;547
insert;71114;true;4800;464
insert;65332;true;2100;315
insert;61334;true;3300;216
insert;57389;true;4200;297
insert;89634;true;6200;574
insert;78569;true;9700;702
insert;69947;true;4600;447
insert;24067;true;1100;37
insert;80365;true;9700;746
insert;72355;true;5700;509
insert;80911;true;1300;325
insert;49018;true;2200;149
insert;5760;true;4300;480
insert;7325;true;5000;519
insert;21662;true;12000;884
insert;71320;true;5200;480
insert;281;true;1100;315
insert;48634;true;1900;134
insert;2000;true;2300;376
insert;99551;true;12300;880
insert;74549;true;7500;585
insert;16153;true;9400;765
insert;6295;true;4700;506
insert;43986;true;2000;117
insert;85109;true;4000;469
insert;67992;true;3600;400
insert;20595;true;11800;867
insert;82925;true;2800;398
insert;73890;true;6900;571
insert;39494;true;1100;47
insert;13636;true;8200;700
insert;46878;true;2700;170
insert;29095;true;8000;48
insert;88769;true;5900;567
insert;5685;true;4500;489
insert;89378;true;6200;584
insert;85087;true;4100;475
insert;73593;true;6800;566
insert;59708;true;2200;169
insert;33186;true;800;29
insert;34286;true;1000;32
insert;1082;true;1600;360
insert;93226;true;8300;710
insert;31567;true;1000;43
insert;77788;true;9700;707
insert;10012;true;6400;599
insert;7351;true;5300;544
insert;13591;true;8200;711
insert;45961;true;2900;161
insert;63260;true;1300;282
insert;56215;true;3300;256
insert;14740;true;9000;752
insert;45586;true;2500;154
insert;51595;true;1300;131
insert;31501;true;1200;38
insert;86241;true;4200;499
insert;5043;true;4100;481
insert;563;true;1200;336
insert;54106;true;2700;212
insert;39529;true;1100;49
insert;5607;true;4400;503
insert;62407;true;3800;248
insert;46570;true;2600;177
insert;82541;true;2200;390
insert;73506;true;6400;567
insert;62952;true;3800;271
insert;19156;true;21700;868
insert;89866;true;6600;607
insert;42007;true;1500;97
insert;41476;true;1600;80
insert;88460;true;6100;574
insert;824;true;1600;353
insert;28769;true;900;29
insert;97847;true;11100;865
insert;49989;true;2700;189
insert;35749;true;1000;39
insert;27807;true;1600;58
insert;70445;true;3500;478
insert;16439;true;8400;812
insert;98899;true;10800;896
insert;2307;true;2500;407
insert;72421;true;5800;537
insert;24555;true;1200;41
insert;62397;true;3600;250
insert;43430;true;1700;110
insert;22857;true;1100;66
insert;97366;true;11400;853
insert;41473;true;1700;81
insert;85368;true;4500;496
insert;31582;true;1200;49
insert;56110;true;4100;263
insert;36367;true;800;36
insert;7043;true;5300;554
insert;6327;true;4800;539
insert;63004;true;4100;279
insert;3457;true;3000;440
insert;89071;true;5900;599
insert;18765;true;10500;881
insert;83370;true;3200;434
insert;5599;true;4700;518
insert;68057;true;4000;416
insert;96019;true;10000;829
insert;36566;true;1000;29
insert;69260;true;3500;449
insert;56773;true;3800;282
insert;17336;true;9000;853
insert;58490;true;1100;136
insert;92292;true;6300;700
insert;36677;true;5600;51
insert;69664;true;4300;460
insert;36692;true;3300;50
insert;45517;true;2400;157
insert;29446;true;800;36
insert;56486;true;3600;279
insert;18;true;1400;336
insert;4620;true;3500;491
insert;25730;true;1200;50
insert;2657;true;2300;428
insert;39919;true;1000;44
insert;44522;true;1800;138
insert;66534;true;2100;371
insert;94985;true;8400;795
insert;27695;true;1000;59
insert;32706;true;1300;39
insert;28084;true;1800;72
insert;37647;true;1000;41
insert;57452;true;5000;318
insert;2975;true;2400;435
insert;16179;true;8500;836
insert;29583;true;1200;41
insert;23819;true;3000;49
insert;53697;true;2600;207
insert;74929;true;6900;644
insert;68310;true;3600;431
insert;14971;true;8800;803
insert;8622;true;5700;626
insert;43059;true;1600;101
insert;98194;true;11600;898
insert;53526;true;2200;198
insert;12619;true;7600;733
insert;85939;true;4000;515
insert;9512;true;5800;646
insert;52217;true;1400;157
insert;3827;true;3700;481
insert;20645;true;13100;962
insert;26384;true;8100;74
insert;92775;true;7700;732
insert;55337;true;3400;268
insert;6405;true;5100;573
insert;98224;true;11900;909
insert;14635;true;8900;806
insert;86360;true;4600;530
insert;95749;true;11800;841
insert;61860;true;3300;243
insert;31062;true;1700;79
insert;37456;true;1100;40
insert;46021;true;2800;180
insert;35183;true;1300;40
insert;84771;true;3500;492
insert;39984;true;1000;47
insert;1649;true;2300;417
insert;6762;true;5500;590
insert;83380;true;3000;447
insert;10861;true;8700;697
insert;70988;true;5500;506
insert;15750;true;9700;852
insert;19144;true;11400;945
insert;87686;true;5500;580
insert;66540;true;2900;377
insert;63569;true;1400;304
insert;48675;true;2200;138
insert;82444;true;2200;409
insert;31433;true;1300;38
insert;70855;true;5400;513
insert;21470;true;13300;1012
insert;87525;true;5500;576
insert;47470;true;1300;105
insert;83911;true;3300;469
insert;52265;true;1700;163
insert;94003;true;9400;794
insert;75578;true;8400;674
insert;26060;true;1400;52
insert;63280;true;1300;299
insert;96609;true;11200;883
insert;17114;true;11400;901
insert;48326;true;1700;128
insert;71572;true;5400;536
insert;26635;true;1300;56
insert;52528;true;1900;178
insert;94820;true;10000;824
insert;75471;true;8500;681
insert;47835;true;1400;117
insert;41606;true;1900;94
insert;70666;true;5300;518
insert;59104;true;2100;164
insert;34755;true;4100;53
insert;59172;true;3200;167
insert;74465;true;7700;643
insert;24621;true;1200;43
insert;10420;true;7400;690
insert;99818;true;12800;999
insert;19245;true;11000;963
insert;91907;true;7300;720
insert;14581;true;9900;822
insert;70828;true;5100;524
insert;68844;true;32500;465
insert;99687;true;19000;995
insert;1355;true;3000;417
insert;93764;true;9600;796
insert;69507;true;4700;484
insert;36345;true;2000;35
insert;72254;true;7000;573
insert;7717;true;7500;634
insert;66873;true;3500;400
insert;32944;true;5100;41
insert;70072;true;5200;515
insert;16331;true;12300;891
insert;57069;true;30200;325
insert;9113;true;9600;668
insert;44899;true;3000;149
insert;49281;true;2900;178
insert;94707;true;10400;823
insert;95708;true;11300;878
insert;27434;true;1500;53
insert;5338;true;5000;557
insert;42443;true;2300;112
insert;76509;true;10000;740
insert;76708;true;10000;753
insert;66003;true;2900;386
insert;80896;true;1400;367
insert;90671;true;8800;696
insert;71485;true;5400;559
insert;55158;true;3400;272
insert;27935;true;1700;72
insert;50772;true;3600;237
insert;50201;true;3400;216
insert;75628;true;8500;722
insert;6339;true;5500;594
insert;20774;true;13500;1021
insert;42804;true;1400;94
insert;97065;true;11900;919
insert;35962;true;1100;30
insert;88479;true;6400;632
insert;55289;true;4100;279
insert;30667;true;2500;69
insert;14115;true;10000;830
insert;6785;true;6000;615
insert;78637;true;11200;823
insert;23197;true;16000;46
insert;2799;true;3200;466
insert;56193;true;3800;294
insert;75541;true;9300;718
insert;44695;true;2500;151
insert;6818;true;5900;621
insert;40034;true;1700;52
insert;2106;true;2600;448
insert;74526;true;8800;677
insert;89507;true;7400;661
insert;87249;true;5700;588
insert;45350;true;2900;168
insert;18940;true;11200;989
insert;14765;true;10600;872
insert;38660;true;1100;44
insert;57174;true;5400;339
insert;62259;true;4300;260
insert;15817;true;11800;903
insert;62977;true;4300;293
insert;85720;true;4800;549
insert;44238;true;2400;147
insert;58468;true;1600;142
insert;31177;true;1200;35
insert;68282;true;4300;466
insert;94878;true;11000;860
insert;85988;true;4900;557
insert;64758;true;2100;357
insert;5111;true;4600;562
insert;55924;true;4200;294
insert;67613;true;3700;438
insert;83908;true;3500;490
insert;47289;true;1400;111
insert;96462;true;11000;925
insert;25397;true;9500;78
insert;11766;true;9100;775
insert;50358;true;3700;228
insert;93328;true;9800;814
insert;35657;true;1600;43
insert;71931;true;6700;593
insert;35520;true;5300;63
insert;94297;true;10500;849
insert;85224;true;4600;548
insert;63408;true;2300;326
insert;77571;true;10800;815
insert;99428;true;14600;1035
insert;12301;true;9100;794
insert;34191;true;1200;35
insert;40761;true;1900;68
insert;18830;true;12800;1001
insert;54966;true;3500;263
insert;25187;true;21700;73
insert;87981;true;7100;630
insert;14338;true;10300;868
insert;43948;true;2200;138
insert;75440;true;9700;736
insert;77606;true;10400;821
insert;86798;true;5300;595
insert;45023;true;2400;167
insert;5377;true;4000;583
insert;57016;true;4400;334
insert;26079;true;1300;56
insert;84956;true;3600;540
insert;87640;true;5700;633
insert;94322;true;9200;868
insert;80429;true;11000;896
insert;4146;true;3200;530
insert;17347;true;11500;977
insert;22898;true;1300;69
insert;19104;true;3984400;1024
insert;90547;true;12900;733
insert;43867;true;3100;140
insert;78057;true;15200;841
insert;45652;true;3400;195
insert;12454;true;8900;809
insert;84627;true;3700;536
insert;44193;true;2200;152
insert;10850;true;7600;756
insert;20885;true;16500;1081
insert;82852;true;3000;465
insert;98293;true;16900;1026
insert;2375;true;2900;476
insert;75065;true;9500;730
insert;75005;true;9000;731
insert;80456;true;12800;910
insert;3077;true;3400;497
insert;21723;true;15900;1122
insert;86280;true;5700;591
insert;1771;true;2600;461
insert;71111;true;6400;575
insert;66525;true;3200;422
insert;9407;true;8600;728
insert;26545;true;1900;59
insert;71148;true;6600;587
insert;61617;true;4300;245
insert;92331;true;9900;802
insert;49875;true;3800;207
insert;86340;true;5600;599
insert;34052;true;1600;43
insert;34695;true;1100;37
insert;77034;true;11400;818
insert;20526;true;15000;1083
insert;25368;true;1800;57
insert;29136;true;1500;33
insert;66226;true;3500;419
insert;58612;true;2000;154
insert;41090;true;2100;79
insert;93163;true;9800;844
insert;34967;true;1400;50
insert;2894;true;3100;498
insert;30256;true;1400;56
insert;99195;true;19000;1071
insert;58866;true;2000;165
insert;96023;true;12400;968
insert;23791;true;1200;35
insert;22382;true;1200;52
insert;85001;true;3900;559
insert;94542;true;11700;900
insert;58721;true;1800;160
insert;18287;true;13200;1025
insert;56876;true;4600;331
insert;39554;true;1700;52
insert;84575;true;4800;549
insert;1226;true;2100;446
insert;71804;true;6300;614
insert;84670;true;4000;556
insert;48954;true;2900;174
insert;12019;true;7800;827
insert;11962;true;8500;828
insert;6107;true;6200;641
insert;78587;true;11200;883
insert;20514;true;11700;1100
insert;66054;true;2600;418
insert;41251;true;2000;84
insert;30793;true;1800;85
insert;82858;true;2600;479
insert;10043;true;7800;759
insert;9531;true;6800;750
insert;15190;true;8800;947
insert;13052;true;8300;876
insert;17404;true;10800;1033
insert;18518;true;11600;1068
insert;87062;true;5500;640
insert;81665;true;26300;435
insert;54698;true;3700;262
insert;12769;true;9300;865
insert;85028;true;4300;576
insert;74919;true;8900;747
insert;27169;true;2100;64
insert;52547;true;2100;191
insert;67383;true;3200;452
insert;13896;true;10000;910
insert;32651;true;15700;52
insert;2849;true;3000;515
insert;74565;true;8800;731
insert;78487;true;11700;892
insert;91342;true;8900;791
insert;65802;true;2700;413
insert;74270;true;8400;722
insert;60314;true;3400;217
insert;84667;true;4400;566
insert;68899;true;4900;529
insert;70956;true;6200;600
insert;94947;true;12600;953
insert;93608;true;11200;900
insert;68727;true;4800;527
insert;85374;true;5300;603
insert;33856;true;1200;39
insert;52402;true;2200;184
insert;33959;true;1600;44
insert;24523;true;11100;64
insert;33057;true;1200;26
insert;56759;true;5400;333
insert;56305;true;4800;324
insert;69672;true;5800;560
insert;3348;true;3800;538
insert;10883;true;9200;811
insert;3166;true;7900;534
insert;36292;true;1100;39
insert;53302;true;2700;217
insert;47048;true;3800;233
insert;54771;true;3900;276
insert;66760;true;3500;453
insert;17088;true;14700;1039
insert;64291;true;2200;382
insert;83052;true;3600;500
insert;31228;true;1500;40
insert;26396;true;1700;63
insert;4254;true;4400;580
insert;69061;true;5300;545
insert;55674;true;4700;315
insert;35350;true;1300;42
insert;17425;true;14000;1063
insert;55657;true;4400;316
insert;83696;true;3800;523
insert;55755;true;4800;321
insert;73920;true;9300;734
insert;94730;true;12300;946
insert;5128;true;5600;624
insert;39528;true;1400;54
insert;26154;true;1300;56
insert;44808;true;3100;172
insert;54093;true;3400;258
insert;97169;true;13000;1047
insert;73387;true;7400;715
insert;2047;true;2400;497
insert;64854;true;5900;398
insert;25072;true;2500;53
insert;61669;true;5600;262
insert;76080;true;15100;843
insert;39918;true;1500;47
insert;44512;true;3300;165
insert;29702;true;1600;40
insert;8654;true;11100;756
insert;88332;true;12500;718
insert;13106;true;10700;913
insert;52052;true;1800;175
insert;70184;true;5300;598
insert;60300;true;2900;217
insert;72383;true;6700;689
insert;61541;true;3300;262
insert;24808;true;1500;48
insert;52610;true;2100;210
insert;14103;true;34600;948
insert;66552;true;3300;464
insert;91321;true;7900;809
insert;14021;true;19200;947
insert;17135;true;12400;1068
insert;59287;true;1900;189
insert;52548;true;35800;209
insert;65850;true;3000;437
insert;96894;true;14400;1050
insert;66865;true;3000;476
insert;68952;true;4600;561
insert;56968;true;5100;378
insert;28025;true;1900;77
insert;86399;true;5000;647
insert;94464;true;10600;950
insert;8016;true;7000;743
insert;40784;true;1800;73
insert;97740;true;15000;1093
insert;45063;true;3300;184
insert;67550;true;4000;500
insert;38591;true;1400;45
insert;83538;true;3300;530
insert;40471;true;1300;66
insert;4622;true;4500;614
insert;37636;true;12300;59
insert;71362;true;6800;659
insert;40344;true;1300;58
insert;96457;true;13600;1043
insert;36487;true;2000;50
insert;72315;true;7600;698
insert;61469;true;4000;264
insert;67888;true;4300;523
insert;67579;true;4000;506
insert;80635;true;14400;1023
insert;81474;true;5000;448
insert;63553;true;1600;380
insert;10107;true;9800;809
insert;14801;true;12100;998
insert;89666;true;7700;779
insert;14463;true;12100;981
insert;74536;true;9800;803
insert;53490;true;3000;245
insert;56627;true;5300;366
insert;11703;true;9300;872
insert;76445;true;10800;894
insert;86051;true;5500;644
insert;94409;true;11300;965
insert;5593;true;5300;661
insert;32502;true;12000;51
insert;22305;true;1600;51
insert;88077;true;7200;722
insert;85485;true;5100;631
insert;16443;true;11700;1068
insert;74349;true;7800;795
insert;60531;true;2900;231
insert;50354;true;4000;235
insert;66228;true;4700;470
insert;98734;true;12100;1146
insert;41817;true;2300;117
insert;95067;true;11000;1019
insert;70891;true;113700;659
insert;32047;true;21400;58
insert;99752;true;16000;1204
insert;70579;true;5900;648
insert;77481;true;11200;951
insert;32849;true;1300;40
insert;68753;true;4700;580
insert;30044;true;1100;32
insert;99133;true;13800;1173
insert;72611;true;7100;753
insert;40977;true;1700;84
insert;64611;true;2100;420
insert;89698;true;6700;796
insert;19873;true;16500;1177
insert;9457;true;8000;798
insert;56912;true;5100;383
insert;14895;true;10700;1017
insert;12568;true;9600;916
insert;59823;true;2700;214
insert;14882;true;10400;1021
insert;38481;true;1200;42
insert;37496;true;5200;58
insert;26309;true;8500;85
insert;7870;true;7300;758
insert;57439;true;5700;418
insert;73470;true;8900;783
insert;97392;true;16600;1113
insert;74300;true;10700;818
insert;83060;true;3200;528
insert;66710;true;3500;499
insert;9976;true;7300;819
insert;18597;true;12500;1162
insert;87660;true;6700;727
insert;17930;true;14300;1143
insert;11304;true;8200;878
insert;22152;true;1800;48
insert;54682;true;3900;297
insert;19676;true;15200;1201
insert;13321;true;11000;964
insert;15095;true;9900;1045
insert;22964;true;1200;83
insert;87762;true;5400;734
insert;19139;true;12500;1192
insert;43112;true;1600;121
insert;36330;true;1000;43
insert;89129;true;6900;787
insert;76366;true;12000;924
insert;70219;true;6500;653
insert;78507;true;11600;1016
insert;41086;true;1800;91
insert;29021;true;7400;52
insert;64894;true;2500;437
insert;33135;true;1100;33
insert;58021;true;1400;137
insert;90503;true;9000;838
insert;3455;true;4000;583
insert;25886;true;4000;77
insert;37531;true;3600;58
insert;49088;true;2800;180
insert;80120;true;14200;1062
insert;11315;true;10000;888
insert;67005;true;3700;517
insert;35514;true;1400;49
insert;80934;true;1400;443
insert;46234;true;3900;230
insert;25224;true;1300;62
insert;73692;true;8300;816
insert;98339;true;16100;1168
insert;25341;true;1300;65
insert;33419;true;800;38
insert;59486;true;2500;202
insert;96558;true;13000;1099
insert;63801;true;1800;415
insert;63574;true;1500;406
insert;90915;true;9000;856
insert;87791;true;7300;745
insert;4053;true;4500;615
insert;22738;true;1600;70
insert;68600;true;5400;597
insert;92759;true;10500;942
insert;85694;true;4600;661
insert;11999;true;9000;926
insert;15061;true;11000;1059
insert;43702;true;2700;149
insert;27626;true;1500;64
insert;54539;true;3300;294
insert;16618;true;14600;1122
insert;43713;true;2200;152
insert;36056;true;1100;36
insert;15482;true;13300;1079
insert;13840;true;11200;1000
insert;35602;true;1400;56
insert;36576;true;8400;45
insert;84976;true;4600;630
insert;82614;true;2400;517
insert;74626;true;11400;876
insert;18778;true;17000;1205
insert;34467;true;7800;58
insert;70122;true;6300;669
insert;6596;true;6000;736
insert;48590;true;2300;155
insert;95889;true;12800;1096
insert;80699;true;14200;1104
insert;64777;true;2200;447
insert;35271;true;1300;46
insert;3151;true;3400;579
insert;37769;true;1300;46
insert;11413;true;9500;914
insert;64473;true;2200;442
insert;48880;true;2400;174
insert;46500;true;3600;245
insert;50721;true;3900;263
insert;48531;true;2000;156
insert;30612;true;1900;61
insert;48906;true;2500;183
insert;69590;true;6200;649
insert;6157;true;5500;725
insert;17625;true;14300;1184
insert;21410;true;19900;1311
insert;71729;true;7500;750
insert;82598;true;2800;519
insert;33581;true;1700;46
insert;1899;true;2500;536
insert;97445;true;13700;1162
insert;38259;true;1400;50
insert;25071;true;2000;56
insert;72464;true;7900;797
insert;48199;true;1700;146
insert;79535;true;13700;1086
insert;37072;true;1700;37
insert;96049;true;14500;1111
insert;43105;true;1600;126
insert;30953;true;1800;86
insert;61249;true;3800;271
insert;30395;true;1500;61
insert;5246;true;5300;693
insert;78757;true;12400;1075
insert;95593;true;13200;1092
insert;57108;true;6100;411
insert;8082;true;7100;806
insert;48563;true;2000;163
insert;19756;true;16800;1265
insert;37412;true;6600;61
insert;41042;true;1900;92
insert;71939;true;9100;764
insert;18896;true;17200;1240
insert;94136;true;12800;1013
insert;33476;true;1200;48
insert;8994;true;8000;837
insert;31338;true;2100;54
insert;27290;true;1200;53
insert;56531;true;5400;374
insert;42987;true;1500;123
insert;71987;true;8000;769
insert;49064;true;2700;200
insert;34348;true;4700;51
insert;87582;true;6100;746
insert;13213;true;10100;1008
insert;12956;true;9400;997
insert;85481;true;4700;669
insert;79324;true;13500;1096
insert;73499;true;8300;843
insert;75343;true;10400;942
insert;25421;true;1500;77
insert;11705;true;9300;946
insert;55039;true;3900;321
insert;54671;true;3500;304
insert;7982;true;6800;809
insert;88418;true;7700;798
insert;85174;true;4800;659
insert;37588;true;8500;64
insert;19709;true;14500;1284
insert;67381;true;3800;553
insert;72917;true;8600;832
insert;68351;true;4700;617
insert;65264;true;2500;478
insert;12882;true;10000;1005
insert;25383;true;1600;76
insert;68508;true;4700;625
insert;39822;true;1400;43
insert;940;true;1700;508
insert;10494;true;8400;899
insert;88166;true;7300;786
insert;31849;true;1800;77
insert;67326;true;3800;558
insert;95676;true;12800;1115
insert;79823;true;13200;1133
insert;92997;true;12200;990
insert;89479;true;8100;843
insert;79852;true;14100;1136
insert;20201;true;16200;1306
insert;93214;true;11600;1000
insert;16357;true;14200;1171
insert;5306;true;5500;712
insert;90842;true;9600;899
insert;88018;true;8800;784
insert;52380;true;2600;209
insert;27352;true;1300;58
insert;55532;true;4600;352
insert;34157;true;8400;48
insert;20921;true;17600;1347
insert;97621;true;17000;1215
insert;40125;true;1900;62
insert;35293;true;1900;52
insert;25104;true;1900;65
insert;33860;true;1200;43
insert;68451;true;5400;631
insert;51481;true;1400;175
insert;69543;true;6500;680
insert;52999;true;2900;246
insert;27660;true;1700;73
insert;7756;true;7600;816
insert;89392;true;8900;850
insert;67409;true;4500;573
insert;29133;true;1100;34
insert;74234;true;10900;906
insert;18458;true;16300;1263
insert;47062;true;4200;266
insert;47642;true;1900;133
insert;23412;true;1100;34
insert;12623;true;12700;1010
insert;15884;true;13200;1161
insert;30664;true;1700;72
insert;4444;true;4700;674
insert;88958;true;8100;839
insert;89119;true;7400;844
insert;15040;true;12900;1133
insert;44249;true;3000;183
insert;16087;true;14100;1180
insert;26742;true;8400;97
insert;71638;true;9100;785
insert;2376;true;2600;585
insert;50604;true;4300;276
insert;59968;true;2800;226
insert;19746;true;299000;1328
insert;8947;true;6800;869
insert;49743;true;4000;237
insert;90999;true;10500;923
insert;53426;true;3300;259
insert;87478;true;6400;764
insert;82231;true;2400;529
insert;50289;true;3700;266
insert;2859;true;3200;604
insert;99279;true;16600;1302
insert;26089;true;1800;65
insert;87753;true;7000;791
insert;22651;true;1700;71
insert;94565;true;11900;1088
insert;22227;true;1300;54
insert;91902;true;9900;967
insert;68336;true;5600;634
insert;13402;true;10600;1065
insert;69739;true;5700;701
insert;32423;true;1000;40
insert;64759;true;2100;476
insert;83057;true;2900;578
insert;58212;true;1400;147
insert;45924;true;4000;240
insert;74725;true;27700;961
insert;24562;true;1800;46
insert;49215;true;23000;213
insert;70287;true;10700;736
insert;68444;true;5700;647
insert;20915;true;1318100;1384
insert;24157;true;15300;58
insert;65306;true;3100;500
insert;43922;true;2600;169
insert;57085;true;7300;436
insert;9978;true;13200;909
insert;91183;true;10700;941
insert;92164;true;10900;988
insert;35771;true;2100;48
insert;95142;true;15000;1147
insert;98013;true;17800;1268
insert;73543;true;11200;901
insert;89764;true;9500;897
insert;54160;true;3700;305
insert;75520;true;11800;1010
insert;26439;true;1700;68
insert;82364;true;2500;542
insert;38968;true;1600;59
insert;18172;true;17400;1280
insert;61915;true;4800;308
insert;36324;true;1100;47
insert;74377;true;11300;941
insert;21766;true;20000;1431
insert;48600;true;2400;178
insert;24864;true;1200;51
insert;27857;true;2000;82
insert;11741;true;11500;994
insert;27394;true;1800;65
insert;40345;true;1500;67
insert;95917;true;16000;1191
insert;13884;true;12800;1095
insert;48026;true;1600;149
insert;89373;true;9200;880
insert;49284;true;3500;232
insert;88629;true;8900;853
insert;24285;true;6400;63
insert;42053;true;2600;137
insert;77986;true;13800;1124
insert;28051;true;2000;98
insert;4374;true;4500;682
insert;18128;true;15000;1291
insert;54043;true;3000;296
insert;45392;true;44300;226
insert;11572;true;10900;992
insert;39587;true;1700;58
insert;86545;true;7200;752
insert;95719;true;14700;1195
insert;49587;true;3600;241
insert;61498;true;7900;291
insert;48065;true;1600;156
insert;72617;true;9600;871
insert;83362;true;3200;608
insert;96165;true;15700;1219
insert;49466;true;4200;243
insert;40023;true;1700;60
insert;27383;true;1400;67
insert;24110;true;11700;56
insert;78121;true;15600;1132
insert;34483;true;1400;38
insert;84547;true;4800;668
insert;51415;true;1300;181
insert;15059;true;14000;1169
insert;41905;true;2300;136
insert;93241;true;13400;1075
insert;5169;true;5900;740
insert;32;true;1200;501
insert;21857;true;19600;1460
insert;16896;true;16200;1255
insert;6612;true;6800;812
insert;22853;true;2100;87
insert;40132;true;1400;69
insert;62150;true;4500;316
insert;23505;true;1100;34
insert;25425;true;2100;89
insert;59082;true;2400;201
insert;50365;true;4100;296
insert;54923;true;4400;340
insert;69693;true;6900;719
insert;9283;true;9000;909
insert;18529;true;17800;1338
insert;66952;true;4400;578
insert;4189;true;5300;691
insert;33765;true;1400;40
insert;23587;true;7100;52
insert;57382;true;7600;465
insert;16731;true;16000;1264
insert;2041;true;2900;595
insert;41810;true;2500;129
insert;60459;true;3400;254
insert;66388;true;3900;557
insert;24545;true;1300;48
insert;72479;true;10400;876
insert;61018;true;3900;273
insert;14793;true;14900;1178
insert;19423;true;19300;1391
insert;16872;true;16800;1276
insert;31299;true;1600;56
insert;8333;true;8900;891
insert;69622;true;7400;721
insert;97649;true;18300;1296
insert;70047;true;7700;752
insert;18263;true;18100;1340
insert;31520;true;1700;69
insert;81919;true;2400;537
insert;67361;true;3600;595
insert;34371;true;1000;34
insert;20035;true;18800;1417
insert;94741;true;13800;1144
insert;43033;true;1600;131
insert;86408;true;6600;763
insert;81226;true;1400;512
insert;24003;true;1000;37
insert;21018;true;19700;1462
insert;45606;true;3900;240
insert;1745;true;2500;593
insert;32779;true;1300;42
insert;59324;true;2400;214
insert;7721;true;8100;876
insert;93250;true;15700;1089
insert;44604;true;2900;203
insert;36237;true;1500;44
insert;20320;true;21400;1431
insert;51098;true;5500;327
insert;9152;true;11500;932
insert;83751;true;4300;640
insert;31723;true;1200;82
insert;67058;true;4600;592
insert;7735;true;8700;881
insert;18289;true;18700;1360
insert;29050;true;1200;41
insert;62291;true;5500;339
insert;76721;true;13800;1101
insert;84132;true;4800;663
insert;82450;true;2800;572
insert;61523;true;4400;308
insert;79302;true;18000;1204
insert;94174;true;477200;1135
insert;54633;true;5700;328
insert;59017;true;2900;203
insert;48635;true;3000;196
insert;27966;true;2200;98
insert;90933;true;11500;984
insert;36600;true;1800;33
insert;81793;true;2400;547
insert;34527;true;2100;40
insert;75865;true;15900;1061
insert;10688;true;11500;995
insert;78382;true;13400;1172
insert;83969;true;4200;664
insert;42662;true;1600;120
insert;80884;true;1300;505
insert;91979;true;10800;1042
insert;82620;true;3200;595
insert;62342;true;5700;348
insert;23024;true;2100;100
insert;63017;true;5500;387
insert;80846;true;1300;508
insert;58201;true;1200;160
insert;76464;true;13900;1093
insert;34915;true;1400;41
insert;79784;true;15900;1228
insert;64130;true;2200;485
insert;43787;true;2500;177
insert;52572;true;2300;241
insert;79117;true;19900;1212
insert;35908;true;1800;37
insert;2074;true;2900;616
insert;86685;true;6800;803
insert;33778;true;1300;43
insert;40226;true;1400;72
insert;35983;true;1300;42
insert;32353;true;1700;44
insert;6187;true;7900;823
insert;63885;true;1900;479
insert;48730;true;2600;203
insert;42622;true;1200;122
insert;29234;true;14600;56
insert;82112;true;2800;572
insert;13514;true;14000;1144
insert;37981;true;1500;50
insert;12977;true;12900;1121
insert;97898;true;20400;1359
insert;30334;true;2200;59
insert;5710;true;7500;804
insert;10545;true;24300;1003
insert;76154;true;15600;1090
insert;76745;true;13300;1123
insert;58864;true;2100;201
insert;33761;true;1300;42
insert;28815;true;9700;49
insert;42370;true;2700;150
insert;99538;true;83700;1430
insert;90904;true;11900;1007
insert;54814;true;4700;344
insert;39101;true;2700;68
insert;15692;true;16500;1266
insert;919;true;1700;569
insert;67710;true;5100;648
insert;7123;true;7200;874
insert;81948;true;2000;568
insert;19345;true;14800;1449
insert;93300;true;10500;1139
insert;48614;true;2100;196
insert;69127;true;6000;725
insert;95250;true;12800;1244
insert;28344;true;2100;121
insert;56538;true;5100;421
insert;9568;true;8800;976
insert;85131;true;108300;753
insert;79513;true;19200;1240
insert;77328;true;13700;1157
insert;96286;true;15700;1304
insert;64091;true;2200;494
insert;21341;true;20800;1533
insert;69965;true;7300;783
insert;64609;true;2200;512
insert;92335;true;834300;1089
insert;97538;true;67800;1366
insert;99161;true;53300;1441
insert;36655;true;725600;31
insert;92922;true;275600;1124
insert;87235;true;6700;849
insert;37415;true;12900;63
insert;9386;true;6100;968
insert;91839;true;7100;1064
insert;52233;true;1400;220
insert;60244;true;2200;262
insert;60392;true;2200;273
insert;80834;true;1100;525
insert;14124;true;12500;1207
insert;48220;true;1500;175
insert;66741;true;2700;605
insert;12127;true;6100;1108
insert;83822;true;2300;688
insert;61435;true;2300;320
insert;26608;true;6600;103
insert;553;true;1200;553
insert;26720;true;3500;108
insert;6246;true;3300;846
insert;95908;true;238500;1307
insert;93877;true;7900;1190
insert;26944;true;2400;78
insert;6955;true;4700;879
insert;40027;true;1600;67
insert;49549;true;2600;262
insert;97157;true;9800;1363
insert;26960;true;12500;111
insert;5859;true;4100;830
insert;72486;true;6800;926
insert;36169;true;1500;47
insert;91227;true;6800;1050
insert;28493;true;2000;132
insert;76942;true;7600;1155
insert;87875;true;4500;901
insert;52066;true;1200;211
insert;91488;true;6200;1066
insert;16402;true;8900;1335
insert;72999;true;6200;956
insert;3176;true;2800;692
insert;28480;true;1600;133
insert;19971;true;10600;1499
insert;20055;true;10400;1504
insert;50679;true;3200;331
insert;51703;true;1300;206
insert;36932;true;5500;54
insert;71164;true;5200;851
insert;64933;true;2100;536
insert;24720;true;1500;52
insert;32946;true;13800;62
insert;17186;true;9600;1381
insert;21076;true;11400;1558
insert;11783;true;6600;1109
insert;20039;true;11000;1512
insert;40247;true;1800;78
insert;592;true;1300;571
insert;83286;true;2800;673
insert;58072;true;1200;163
insert;17608;true;9900;1410
insert;32299;true;6800;63
insert;51730;true;1500;209
insert;44718;true;2400;217
insert;2039;true;2100;647
insert;62668;true;5700;390
insert;29116;true;1400;46
insert;54645;true;2900;348
insert;86690;true;4500;842
insert;59582;true;2000;245
insert;54307;true;2600;341
insert;30892;true;6400;112
insert;46061;true;2900;274
insert;95876;true;9200;1325
insert;96790;true;9800;1368
insert;86665;true;4400;843
insert;68860;true;4100;737
insert;62286;true;725000;370
insert;74487;true;9300;1030
insert;80548;true;10000;1319
insert;55279;true;3600;396
insert;28239;true;15400;132
insert;80963;true;1700;550
insert;56857;true;4100;459
insert;51987;true;1400;220
insert;46433;true;3500;287
insert;93573;true;8300;1203
insert;7277;true;5600;916
insert;84205;true;3400;730
insert;10891;true;6700;1077
insert;29812;true;9300;75
insert;59006;true;1900;221
insert;56218;true;3800;431
insert;65043;true;2100;544
insert;78410;true;9200;1239
insert;75484;true;7000;1102
insert;72937;true;6500;969
insert;86052;true;4300;827
insert;24763;true;4100;77
insert;26955;true;1400;82
insert;4763;true;3700;794
insert;97431;true;10400;1420
insert;95191;true;9400;1307
insert;56419;true;3900;446
insert;29534;true;5000;54
insert;2671;true;2300;683
insert;49523;true;2500;264
insert;37033;true;8800;57
insert;90077;true;6600;1034
insert;43608;true;1700;174
insert;33894;true;1700;57
insert;17331;true;10100;1412
insert;81439;true;1800;579
insert;7095;true;4600;917
insert;28170;true;6600;133
insert;6081;true;3600;868
insert;71410;true;4900;874
insert;60740;true;2300;302
insert;5533;true;3500;841
insert;57374;true;3100;511
insert;62569;true;2700;401
insert;93755;true;12500;1226
insert;37379;true;1200;40
insert;86856;true;4500;879
insert;97407;true;10400;1436
insert;79984;true;10100;1313
insert;95007;true;9300;1309
insert;73634;true;6800;1006
insert;50055;true;2900;297
insert;14896;true;9000;1306
insert;31764;true;1700;90
insert;81506;true;1800;594
insert;19744;true;11200;1535
insert;69338;true;4000;771
insert;665;true;1300;588
insert;69185;true;4400;764
insert;15847;true;9000;1355
insert;12111;true;7100;1166
insert;17341;true;9400;1439
insert;74853;true;7800;1087
insert;51371;true;1000;198
insert;11073;true;6600;1114
insert;20264;true;11800;1575
insert;26451;true;5700;102
insert;33096;true;1300;35
insert;43918;true;1900;191
insert;99466;true;11600;1543
insert;4297;true;5000;780
insert;44279;true;2200;214
insert;30711;true;1500;83
insert;53370;true;2400;299
insert;30912;true;1300;102
insert;3522;true;2600;749
insert;50235;true;2900;308
insert;9443;true;5900;1042
insert;10445;true;6700;1085
insert;43440;true;1600;171
insert;94228;true;8400;1258
insert;77515;true;9100;1224
insert;36497;true;1400;74
insert;86847;true;4600;887
insert;55881;true;3600;430
insert;1217;true;3500;636
insert;27115;true;1900;80
insert;48789;true;2200;221
insert;28632;true;12500;160
insert;91195;true;8400;1098
insert;37356;true;1500;44
insert;57407;true;8100;527
insert;38253;true;4300;76
insert;64034;true;1700;517
insert;49794;true;2700;288
insert;86242;true;5800;851
insert;65338;true;2300;572
insert;28071;true;5900;129
insert;774;true;1400;605
insert;84061;true;3100;746
insert;28145;true;5300;138
insert;49386;true;2500;265
insert;73698;true;7300;1029
insert;73758;true;6800;1032
insert;16237;true;10100;1406
insert;46883;true;3300;310
insert;17052;true;10100;1445
insert;54090;true;2600;340
insert;34595;true;1300;38
insert;54699;true;2900;381
insert;49738;true;2500;290
insert;43095;true;1400;155
insert;42494;true;2000;154
insert;6227;true;4400;910
insert;41183;true;2000;106
insert;45621;true;2700;276
insert;2565;true;2400;707
insert;48870;true;2000;231
insert;94098;true;8800;1265
insert;95443;true;9600;1360
insert;33955;true;1200;60
insert;89625;true;6000;1039
insert;45116;true;2300;253
insert;30648;true;1400;77
insert;67589;true;3200;683
insert;32783;true;1300;37
insert;92285;true;7400;1170
insert;84365;true;3300;769
insert;23965;true;1100;38
insert;45422;true;2300;270
insert;76809;true;8700;1212
insert;23373;true;3800;53
insert;47757;true;1200;162
insert;22391;true;1300;71
insert;49213;true;2300;257
insert;73390;true;6800;1009
insert;35596;true;1300;69
insert;69972;true;4900;834
insert;33235;true;1000;44
insert;98446;true;11100;1528
insert;88557;true;5500;999
insert;89138;true;5800;1028
insert;85251;true;4300;829
insert;45970;true;2800;299
insert;50349;true;3000;340
insert;10714;true;6500;1116
insert;16501;true;9700;1433
insert;14559;true;8600;1322
insert;85275;true;3900;832
insert;54874;true;2900;392
insert;35928;true;1100;43
insert;92178;true;8500;1185
insert;48413;true;2400;197
insert;57704;true;4300;549
insert;22704;true;1200;82
insert;64277;true;1700;533
insert;58071;true;1800;170
insert;45209;true;2300;258
insert;80871;true;1100;572
insert;72809;true;6400;996
insert;90651;true;7000;1111
insert;69248;true;4400;791
insert;84787;true;3500;806
insert;80929;true;1200;583
insert;40853;true;1100;91
insert;11971;true;7500;1197
insert;70221;true;4600;858
insert;3639;true;3300;776
insert;91308;true;7300;1146
insert;23961;true;1100;39
insert;23775;true;1000;37
insert;30203;true;1000;35
insert;1829;true;1700;677
insert;80686;true;10300;1393
insert;36636;true;8400;52
insert;88649;true;6000;1027
insert;85935;true;4200;870
insert;35828;true;8900;79
insert;60039;true;2400;275
insert;66954;true;2800;660
insert;6450;true;4600;940
insert;11177;true;6800;1159
insert;22163;true;1200;59
insert;33975;true;1000;65
insert;913;true;1400;634
insert;23269;true;900;35
insert;54828;true;2800;390
insert;52106;true;1300;243
insert;99027;true;12000;1589
insert;62099;true;3200;374
insert;7691;true;16600;1003
insert;78116;true;9600;1295
insert;48680;true;1700;226
insert;96190;true;10700;1456
insert;54390;true;2800;370
insert;70352;true;4700;872
insert;65580;true;1800;601
insert;57702;true;3700;559
insert;66597;true;2400;650
insert;47253;true;1100;157
insert;27727;true;7600;111
insert;71876;true;5700;951
insert;78900;true;9300;1350
insert;2511;true;2700;722
insert;51190;true;3800;391
insert;80729;true;10100;1419
insert;54672;true;2800;388
insert;47811;true;1400;175
insert;58865;true;1600;221
insert;54969;true;3100;413
insert;60031;true;12900;280
insert;92167;true;7500;1207
insert;95167;true;10900;1398
insert;14887;true;9200;1375
insert;48372;true;1600;204
insert;23076;true;1600;116
insert;45068;true;2300;255
insert;73935;true;7100;1082
insert;148;true;1100;596
insert;53573;true;2400;332
insert;5228;true;4200;883
insert;21200;true;11700;1702
insert;25986;true;1500;66
insert;2479;true;2300;727
insert;30775;true;1600;94
insert;29378;true;5900;55
insert;67726;true;3600;725
insert;77049;true;9700;1268
insert;49380;true;2500;293
insert;37693;true;1500;53
insert;18206;true;10600;1556
insert;15226;true;9400;1413
insert;36938;true;3700;57
insert;27044;true;7500;105
insert;79290;true;10200;1373
insert;24076;true;1100;41
insert;6691;true;5000;974
insert;3169;true;2700;771
insert;81321;true;1500;613
insert;53126;true;2000;307
insert;57909;true;1100;171
insert;10258;true;6500;1134
insert;3500;true;2700;797
insert;61075;true;2800;332
insert;29509;true;8900;71
insert;47969;true;1200;186
insert;5892;true;4400;934
insert;47966;true;1300;187
insert;86801;true;4200;932
insert;60724;true;2500;321
insert;4868;true;3700;877
insert;35960;true;1200;46
insert;25269;true;1800;81
insert;24577;true;1200;52
insert;66704;true;2300;662
insert;78755;true;8300;1359
insert;51610;true;1200;232
insert;74548;true;6900;1130
insert;50162;true;2800;352
insert;79951;true;7800;1409
insert;14472;true;6100;1378
insert;97446;true;8500;1533
insert;11474;true;5300;1219
insert;2847;true;1800;756
insert;79912;true;9600;1410
insert;47632;true;1000;175
insert;33213;true;1300;45
insert;38001;true;3200;82
insert;54472;true;2600;387
insert;20230;true;11800;1685
insert;27840;true;1400;102
insert;30946;true;1400;111
insert;11486;true;6300;1226
insert;47652;true;1300;180
insert;60196;true;2300;294
insert;31486;true;1400;71
insert;35851;true;1100;59
insert;55091;true;3000;436
insert;50137;true;2800;359
insert;43546;true;1600;190
insert;39401;true;1000;52
insert;28292;true;1700;139
insert;18836;true;10200;1627
insert;55179;true;3100;449
insert;93823;true;7800;1316
insert;86527;true;4300;917
insert;99091;true;10500;1618
insert;9714;true;5800;1132
insert;39363;true;1800;49
insert;81387;true;1700;623
insert;99408;true;11800;1642
insert;25346;true;1400;86
insert;78927;true;31100;1375
insert;46659;true;4600;333
insert;35215;true;2000;46
insert;77425;true;9100;1296
insert;27821;true;1900;104
insert;41991;true;2000;150
insert;39781;true;1100;51
insert;88117;true;5700;1013
insert;20231;true;13800;1697
insert;35012;true;15600;70
insert;14861;true;9200;1420
insert;13855;true;8100;1359
insert;55254;true;3900;456
insert;68906;true;4400;807
insert;45153;true;2700;266
insert;44230;true;1800;225
insert;75406;true;96600;1192
insert;60252;true;2300;301
insert;93681;true;8200;1322
insert;56212;true;4000;489
insert;66183;true;2700;643
insert;38846;true;1400;55
insert;88743;true;5900;1059
insert;75540;true;13200;1208
insert;88350;true;5800;1038
insert;93084;true;8400;1293
insert;6449;true;5300;988
insert;88784;true;5300;1068
insert;93825;true;9300;1345
insert;71563;true;6000;959
insert;92057;true;7700;1234
insert;229;true;1200;621
insert;21572;true;13400;1786
insert;14156;true;9800;1395
insert;68105;true;4000;772
insert;3689;true;3100;832
insert;61191;true;3000;348
insert;50736;true;3800;406
insert;87312;true;5100;977
insert;51354;true;1100;220
insert;10801;true;7400;1199
insert;93268;true;8100;1322
insert;82046;true;1900;677
insert;33024;true;1400;43
insert;88087;true;5200;1028
insert;73738;true;8200;1103
insert;46986;true;3700;350
insert;25996;true;1100;69
insert;84584;true;3200;833
insert;30501;true;1500;76
insert;30083;true;1000;34
insert;61780;true;3200;391
insert;39759;true;1100;52
insert;18257;true;10900;1622
insert;694;true;1400;653
insert;80900;true;1300;610
insert;3289;true;3100;808
insert;75152;true;8400;1200
insert;80064;true;10900;1447
insert;68044;true;4300;770
insert;93451;true;9000;1345
insert;32386;true;1300;59
insert;25301;true;1400;85
insert;4542;true;3600;889
insert;90405;true;7400;1162
insert;38177;true;12400;76
insert;97063;true;12300;1563
insert;35618;true;5300;79
insert;16902;true;13300;1564
insert;9775;true;6900;1163
insert;7181;true;5300;1050
insert;87505;true;5100;1002
insert;57513;true;4700;587
insert;90481;true;7600;1175
insert;44510;true;2800;241
insert;63404;true;1200;523
insert;24322;true;1400;43
insert;4527;true;3700;891
insert;30634;true;1400;83
insert;33219;true;1700;48
insert;34787;true;8000;65
insert;72377;true;6900;1026
insert;88998;true;6400;1106
insert;33303;true;1000;53
insert;23627;true;6200;53
insert;77517;true;10300;1339
insert;44949;true;2400;262
insert;97388;true;11900;1597
insert;41000;true;1500;103
insert;76323;true;9400;1272
insert;82615;true;2500;722
insert;12632;true;8300;1334
insert;71289;true;5900;961
insert;76000;true;9400;1262
insert;44876;true;2500;261
insert;61286;true;3300;362
insert;82876;true;2700;743
insert;7554;true;5400;1071
insert;12109;true;9000;1314
insert;80379;true;10100;1485
insert;80716;true;9000;1504
insert;47665;true;1200;185
insert;19910;true;13400;1739
insert;73539;true;7600;1105
insert;261;true;1200;642
insert;66560;true;2900;688
insert;58362;true;1200;201
insert;61677;true;3600;392
insert;29201;true;5000;47
insert;93983;true;10700;1398
insert;55683;true;3500;482
insert;94758;true;11100;1445
insert;97030;true;12300;1586
insert;70931;true;5600;953
insert;95847;true;10000;1531
insert;92515;true;9500;1312
insert;71662;true;6200;1002
insert;19445;true;12800;1727
insert;88221;true;6000;1071
insert;64328;true;2100;585
insert;13922;true;9100;1416
insert;60113;true;2200;299
insert;22218;true;2000;63
insert;91382;true;7700;1242
insert;65199;true;1900;624
insert;79740;true;9800;1475
insert;98992;true;12700;1709
insert;13569;true;8200;1395
insert;99002;true;12900;1712
insert;52676;true;2000;305
insert;19032;true;12600;1708
insert;4488;true;3800;899
insert;76159;true;8900;1296
insert;43410;true;1500;184
insert;79124;true;11200;1457
insert;98173;true;12900;1675
insert;41769;true;1800;140
insert;20277;true;13400;1778
insert;23133;true;1600;121
insert;34520;true;4800;57
insert;98651;true;13600;1696
insert;51100;true;4400;424
insert;41664;true;1700;139
insert;28282;true;2600;143
insert;72062;true;7200;1036
insert;45745;true;3100;321
insert;77968;true;10500;1401
insert;30278;true;1200;66
insert;54223;true;2800;392
insert;45234;true;2200;288
insert;21563;true;14600;1853
insert;45783;true;3100;329
insert;94549;true;10800;1449
insert;22344;true;1100;77
insert;45142;true;2400;286
insert;94579;true;9500;1454
insert;80281;true;10700;1514
insert;90551;true;6700;1209
insert;53957;true;2100;373
insert;94393;true;9700;1448
insert;58172;true;1300;194
insert;33241;true;1100;54
insert;23040;true;1400;120
insert;25444;true;1400;107
insert;14976;true;10100;1502
insert;71893;true;6300;1025
insert;58105;true;1200;193
insert;24556;true;4300;77
insert;62284;true;3700;432
insert;82107;true;1900;709
insert;75426;true;8400;1258
insert;55429;true;3900;484
insert;63734;true;1500;567
insert;20919;true;14100;1821
insert;37296;true;4200;64
insert;85021;true;3500;892
insert;50430;true;3400;391
insert;5686;true;4600;982
insert;53862;true;2500;373
insert;36526;true;1300;82
insert;28163;true;1700;138
insert;84692;true;3700;879
insert;29586;true;1200;43
insert;41691;true;1700;144
insert;42625;true;1100;153
insert;8721;true;6500;1147
insert;48734;true;2200;264
insert;275;true;1100;656
insert;64015;true;1600;586
insert;50541;true;3500;405
insert;15523;true;10500;1545
insert;24468;true;7800;77
insert;99962;true;14200;1808
insert;95794;true;10500;1565
insert;58686;true;1300;233
insert;17295;true;11000;1642
insert;1003;true;1700;719
insert;66763;true;3100;725
insert;34859;true;1100;45
insert;29950;true;4600;42
insert;10716;true;7200;1252
insert;85587;true;4100;938
insert;12656;true;7700;1375
insert;1024;true;1700;724
insert;77128;true;10000;1374
insert;41961;true;1900;163
insert;75576;true;8900;1285
insert;2924;true;2900;821
insert;21939;true;14300;1909
insert;6918;true;5100;1077
insert;37626;true;1300;52
insert;86550;true;5000;989
insert;87635;true;5700;1058
insert;86305;true;4800;975
insert;38703;true;1100;56
insert;29524;true;3500;58
insert;72986;true;7600;1124
insert;66832;true;2900;731
insert;33982;true;1200;68
insert;50247;true;3200;380
insert;81082;true;1400;658
insert;39813;true;1200;57
insert;66397;true;2700;706
insert;43145;true;1400;186
insert;61852;true;3500;418
insert;78113;true;10600;1441
insert;52280;true;1800;282
insert;80509;true;11600;1564
insert;11155;true;7700;1296
insert;33710;true;1100;43
insert;66175;true;2600;693
insert;93835;true;9700;1441
insert;14515;true;9800;1497
insert;74286;true;7900;1204
insert;22066;true;1000;59
insert;10519;true;8300;1252
insert;80736;true;12300;1587
insert;30156;true;1000;36
insert;53305;true;2100;337
insert;82375;true;2200;736
insert;60345;true;2600;333
insert;575;true;1200;683
insert;29138;true;6700;52
insert;78645;true;10900;1482
insert;3667;true;3500;886
insert;74375;true;8200;1213
insert;44671;true;2400;267
insert;98996;true;12700;1765
insert;72558;true;6900;1110
insert;26399;true;4400;102
insert;94346;true;9900;1482
insert;6592;true;5700;1071
insert;66433;true;2700;721
insert;44460;true;2700;258
insert;73658;true;6200;1182
insert;12228;true;8600;1382
insert;6125;true;4900;1043
insert;85470;true;4300;943
insert;14148;true;10000;1502
insert;46803;true;3400;379
insert;60438;true;2600;340
insert;37414;true;1200;50
insert;15354;true;10700;1583
insert;2052;true;2200;790
insert;40030;true;1300;80
insert;37301;true;6100;68
insert;26274;true;1300;74
insert;30321;true;1200;71
insert;48935;true;2400;291
insert;82309;true;15200;738
insert;35240;true;1300;50
insert;8544;true;6200;1179
insert;44123;true;2100;242
insert;25619;true;1500;113
insert;54921;true;3300;450
insert;78330;true;11000;1471
insert;31531;true;2000;82
insert;13891;true;9800;1486
insert;24364;true;1100;50
insert;71863;true;6300;1056
insert;28759;true;1100;34
insert;17514;true;12100;1721
insert;64385;true;1800;623
insert;61009;true;2900;365
insert;47461;true;1200;180
insert;64711;true;1800;636
insert;5649;true;4700;1020
insert;26830;true;1300;80
insert;73408;true;8200;1169
insert;58463;true;1400;226
insert;19691;true;11600;1829
insert;12065;true;68200;1392
insert;59831;true;4600;309
insert;21246;true;16400;1929
insert;4874;true;4000;980
insert;10484;true;6500;1283
insert;41050;true;1800;112
insert;78339;true;12300;1486
insert;22746;true;1900;102
insert;58050;true;1100;198
insert;2989;true;2800;854
insert;4136;true;3600;929
insert;18699;true;12800;1798
insert;91763;true;83900;1307
insert;27956;true;2300;119
insert;97128;true;12600;1668
insert;92880;true;7000;1391
insert;38038;true;1600;63
insert;33475;true;1200;67
insert;99334;true;11500;1812
insert;49964;true;3100;365
insert;32498;true;900;33
insert;84654;true;3000;899
insert;39922;true;1200;73
insert;9233;true;6800;1231
insert;28441;true;1500;168
insert;98410;true;10900;1760
insert;52288;true;1800;287
insert;20038;true;12600;1874
insert;87190;true;5400;1053
insert;39847;true;1300;68
insert;57291;true;5800;600
insert;24715;true;10500;84
insert;65198;true;2100;665
insert;49004;true;1800;300
insert;45921;true;2500;353
insert;62953;true;3300;499
insert;45707;true;2200;346
insert;59719;true;2000;308
insert;51785;true;1000;261
insert;82528;true;4900;762
insert;51503;true;1000;244
insert;84589;true;2700;901
insert;23481;true;800;34
insert;42366;true;1900;179
insert;41247;true;1400;124
insert;15451;true;9100;1625
insert;50253;true;2500;395
insert;33936;true;1200;66
insert;22455;true;1300;95
insert;93305;true;8500;1442
insert;84958;true;3100;927
insert;59688;true;1800;307
insert;33832;true;1000;59
insert;75175;true;8300;1310
insert;10198;true;5500;1284
insert;66499;true;2200;739
insert;5168;true;3600;1013
insert;8188;true;5800;1196
insert;22963;true;1800;124
insert;26584;true;1400;83
insert;67120;true;3400;786
insert;63179;true;4400;523
insert;29935;true;1000;31
insert;11729;true;8000;1393
insert;1026;true;1500;762
insert;90146;true;6700;1248
insert;31324;true;1300;67
insert;14931;true;10300;1611
insert;97005;true;10900;1689
insert;95743;true;9700;1626
insert;73951;true;7500;1229
insert;74434;true;7900;1256
insert;28142;true;1800;141
insert;19510;true;12600;1872
insert;6871;true;5100;1133
insert;5432;true;4000;1040
insert;77401;true;9300;1455
insert;61148;true;13700;393
insert;62009;true;3500;456
insert;46497;true;3300;383
insert;74978;true;10500;1312
insert;24243;true;7300;71
insert;20740;true;13900;1951
insert;54371;true;2800;423
insert;12905;true;7400;1484
insert;10386;true;6800;1315
insert;51505;true;1300;248
insert;59569;true;2300;303
insert;28428;true;1600;170
insert;32201;true;1200;52
insert;21010;true;11500;1974
insert;41899;true;2100;169
insert;37172;true;4000;61
insert;26592;true;1400;86
insert;36575;true;800;30
insert;21404;true;11900;2001
insert;4942;true;4100;1010
insert;15246;true;10000;1655
insert;28355;true;1900;165
insert;81693;true;1700;719
insert;33194;true;1000;50
insert;76099;true;7100;1385
insert;93881;true;9700;1494
insert;46565;true;3400;388
insert;35329;true;3900;73
insert;38401;true;1100;43
insert;90249;true;7100;1259
insert;62237;true;3900;472
insert;77914;true;10500;1494
insert;61724;true;3500;447
insert;78167;true;9900;1515
insert;36571;true;900;31
insert;21768;true;14300;2036
insert;2139;true;2500;833
insert;28876;true;1400;43
insert;59825;true;2400;328
insert;97605;true;11600;1752
insert;50390;true;3100;414
insert;49622;true;2300;347
insert;76511;true;7600;1414
insert;61609;true;3200;439
insert;26611;true;1300;91
insert;10115;true;7200;1314
insert;61421;true;3100;428
insert;23942;true;900;37
insert;4757;true;3300;1007
insert;95897;true;8700;1651
insert;27637;true;1400;102
insert;31126;true;1000;58
insert;9628;true;5800;1294
insert;39691;true;1100;57
insert;56043;true;3700;533
insert;11899;true;7800;1447
insert;75986;true;7800;1381
insert;42503;true;1600;193
insert;74259;true;7000;1250
insert;3145;true;3100;896
insert;70715;true;5200;1023
insert;25181;true;1500;88
insert;41219;true;1600;127
insert;28693;true;2000;190
insert;56106;true;4000;536
insert;34062;true;1800;85
insert;93075;true;9100;1438
insert;63571;true;1400;600
insert;88827;true;6500;1191
insert;10749;true;6700;1367
insert;57250;true;3800;619
insert;37349;true;1000;46
insert;4143;true;3200;966
insert;54853;true;3200;466
insert;87754;true;6000;1122
insert;2750;true;2700;873
insert;63048;true;4500;547
insert;56626;true;4300;575
insert;22064;true;1200;63
insert;94408;true;10100;1545
insert;62688;true;4200;522
insert;77970;true;9500;1517
insert;66819;true;2900;782
insert;44330;true;2000;267
insert;88714;true;5800;1190
insert;29999;true;1200;40
insert;51448;true;900;250
insert;45519;true;2400;338
insert;78972;true;10100;1587
insert;36048;true;1500;54
insert;3064;true;2800;896
insert;88928;true;5700;1207
insert;94239;true;9100;1538
insert;37914;true;1500;55
insert;2460;true;41200;857
insert;75245;true;31600;1348
insert;34530;true;49600;60
insert;34666;true;12700;63
insert;33826;true;1600;59
insert;47568;true;1500;194
insert;92399;true;4100;1415
insert;77614;true;4000;1507
insert;40249;true;1200;102
insert;88073;true;2100;1142
insert;89928;true;2300;1265
insert;42406;true;1200;196
insert;99543;true;4300;1902
insert;13944;true;4000;1590
insert;98648;true;3100;1839
insert;76207;true;2800;1420
insert;68027;true;1700;873
insert;4667;true;1100;1023
insert;17594;true;2800;1832
insert;39099;true;800;78
insert;72222;true;2300;1128
insert;42627;true;1100;167
insert;40519;true;900;95
insert;53085;true;1400;353
insert;38491;true;1000;53
insert;8205;true;2200;1251
insert;68233;true;1800;891
insert;83198;true;1900;844
insert;19551;true;3700;1942
insert;99904;true;3700;1941
insert;11391;true;2300;1435
insert;40942;true;1100;112
insert;74404;true;2600;1290
insert;30860;true;1800;118
insert;53408;true;1400;372
insert;52263;true;1000;305
insert;25058;true;1300;79
insert;68891;true;1400;933
insert;45598;true;1700;348
insert;95811;true;2900;1682
insert;3104;true;1600;910
insert;56727;true;2000;594
insert;71696;true;2300;1106
insert;52543;true;1300;333
insert;55629;true;1800;542
insert;24935;true;13100;113
insert;50898;true;1800;455
insert;28232;true;1200;156
insert;57229;true;1900;647
insert;36429;true;1000;83
insert;48311;true;1100;240
insert;18408;true;3400;1885
insert;37728;true;4600;82
insert;54943;true;1500;496
insert;38510;true;1000;56
insert;47551;true;1000;197
insert;34832;true;3400;63
insert;64584;true;1200;665
insert;97636;true;3300;1803
insert;45874;true;1600;371
insert;40205;true;1400;99
insert;96829;true;3100;1740
insert;61074;true;1500;403
insert;58645;true;1100;260
insert;22156;true;1000;74
insert;77371;true;2500;1512
insert;29867;true;1200;33
insert;97152;true;2700;1761
insert;53154;true;1200;373
insert;71376;true;1800;1087
insert;37221;true;900;40
insert;30643;true;1000;93
insert;47025;true;1200;424
insert;20268;true;3100;1994
insert;48524;true;1200;260
insert;41558;true;1100;155
insert;2698;true;1300;885
insert;25573;true;1400;84
insert;30199;true;9200;92
insert;29838;true;1400;46
insert;7393;true;2100;1220
insert;55489;true;1600;546
insert;69165;true;1500;954
insert;98892;true;3300;1874
insert;5494;true;1700;1097
insert;51416;true;1000;261
insert;45056;true;1300;309
insert;20248;true;3400;2002
insert;71474;true;2000;1095
insert;63500;true;1000;612
insert;18344;true;3200;1895
insert;34264;true;2447200;48
insert;45709;true;4400;368
insert;13870;true;7200;1608
insert;72459;true;5900;1187
insert;13080;true;2400;1569
insert;56225;true;3200;586
insert;95504;true;6400;1667
insert;94210;true;3100;1556
insert;99177;true;4400;1909
insert;82575;true;1400;804
insert;92752;true;2800;1459
insert;44418;true;205500;279
insert;89788;true;5700;1282
insert;19099;true;10300;1944
insert;15806;true;5000;1755
insert;72107;true;6100;1154
insert;23962;true;1600;42
insert;8728;true;2100;1300
insert;65078;true;1400;703
insert;58205;true;1300;229
insert;93292;true;3800;1507
insert;10174;true;2400;1373
insert;25858;true;1500;73
insert;12565;true;2400;1540
insert;75557;true;3100;1420
insert;21680;true;4300;2127
insert;66702;true;1500;799
insert;96332;true;3500;1740
insert;906;true;1100;786
insert;15398;true;2700;1751
insert;35005;true;1700;53
insert;84043;true;1600;909
insert;11823;true;2500;1508
insert;23439;true;1400;43
insert;47100;true;900;177
insert;9876;true;2100;1365
insert;6324;true;1700;1172
insert;30723;true;21300;82
insert;75686;true;2700;1438
insert;14579;true;2900;1691
insert;67235;true;1700;837
insert;19472;true;3500;2004
insert;48575;true;1500;272
insert;10029;true;2000;1379
insert;32630;true;900;35
insert;1127;true;800;822
insert;27408;true;1100;95
insert;54399;true;1700;463
insert;94326;true;2400;1590
insert;74719;true;2300;1370
insert;4541;true;1500;1051
insert;44642;true;1800;294
insert;68695;true;1500;943
insert;30504;true;6200;66
insert;45859;true;2100;385
insert;74196;true;2700;1314
insert;23681;true;1100;34
insert;59039;true;1300;294
insert;70611;true;2100;1071
insert;89897;true;2300;1293
insert;13652;true;2500;1640
insert;68340;true;1900;930
insert;31417;true;4900;93
insert;2446;true;1400;895
insert;31283;true;4300;86
insert;25859;true;1900;76
insert;56387;true;2100;602
insert;73527;true;2400;1277
insert;64833;true;1100;702
insert;82419;true;1300;800
insert;71471;true;1700;1127
insert;49054;true;1300;327
insert;59408;true;1300;313
insert;82106;true;1300;779
insert;42628;true;2600;178
insert;12451;true;2600;1564
insert;96878;true;3200;1786
insert;8287;true;1900;1307
insert;76694;true;2900;1530
insert;97867;true;2900;1863
insert;53073;true;1100;373
insert;29536;true;4000;63
insert;60427;true;1500;384
insert;5598;true;1500;1136
insert;1089;true;1100;829
insert;87409;true;1700;1132
insert;93245;true;2000;1521
insert;2723;true;1200;926
insert;77695;true;3700;1599
insert;93003;true;2900;1506
insert;82387;true;1300;807
insert;76404;true;3000;1510
insert;54065;true;1300;440
insert;19615;true;4100;2041
insert;8310;true;2100;1320
insert;72057;true;2200;1185
insert;83597;true;1300;894
insert;19902;true;3200;2065
insert;89903;true;1800;1315
insert;8057;true;1900;1306
insert;69730;true;1600;1030
insert;43824;true;1200;251
insert;47140;true;900;186
insert;4085;true;1500;1031
insert;87071;true;1800;1124
insert;8655;true;2100;1346
insert;79542;true;3300;1717
insert;84220;true;1700;943
insert;52823;true;1300;367
insert;35449;true;13300;81
insert;96512;true;3900;1790
insert;78985;true;3800;1696
insert;16247;true;3300;1859
insert;44906;true;1400;318
insert;86429;true;2000;1089
insert;89050;true;2300;1278
insert;21895;true;4200;2214
insert;79319;true;3500;1715
insert;34003;true;1100;88
insert;88347;true;2100;1231
insert;92702;true;2900;1504
insert;59014;true;1300;295
insert;41170;true;1400;134
insert;49314;true;1600;355
insert;58869;true;1100;288
insert;52495;true;1200;342
insert;73895;true;2600;1328
insert;41709;true;1400;173
insert;29737;true;1100;46
insert;50095;true;1500;416
insert;83147;true;1400;885
insert;20587;true;3700;2129
insert;51561;true;900;281
insert;72189;true;2300;1201
insert;37665;true;1200;57
insert;76655;true;2500;1550
insert;22578;true;1500;107
insert;29937;true;5200;53
insert;97553;true;3600;1886
insert;55240;true;2000;556
insert;8489;true;2300;1340
insert;29197;true;1200;34
insert;29262;true;1000;40
insert;72951;true;2500;1277
insert;43776;true;1300;251
insert;69425;true;2000;1016
insert;45248;true;1400;348
insert;25982;true;1200;83
insert;65665;true;1300;767
insert;62617;true;2200;543
insert;18769;true;3400;2011
insert;19513;true;3400;2064
insert;9012;true;2100;1373
insert;11905;true;2400;1574
insert;66399;true;1300;808
insert;40450;true;1300;116
insert;23728;true;2600;37
insert;69126;true;1700;1003
insert;14996;true;2600;1795
insert;45736;true;1500;393
insert;90329;true;2000;1363
insert;62424;true;1600;532
insert;89304;true;2000;1304
insert;84283;true;1700;959
insert;95255;true;2800;1732
insert;46438;true;1400;432
insert;54803;true;1400;509
insert;53147;true;1300;396
insert;73641;true;2300;1330
insert;64250;true;1100;689
insert;28388;true;1500;180
insert;31135;true;5300;81
insert;40563;true;1100;102
insert;97421;true;3000;1885
insert;86921;true;1900;1140
insert;88255;true;1800;1241
insert;26071;true;1300;94
insert;31556;true;21400;120
insert;86701;true;2200;1124
insert;16231;true;3300;1874
insert;46807;true;1800;449
insert;67433;true;1400;888
insert;32365;true;4800;81
insert;91824;true;2200;1463
insert;94794;true;2900;1708
insert;71543;true;2200;1169
insert;25277;true;1900;78
insert;88021;true;2000;1221
insert;33580;true;1100;77
insert;3954;true;1200;1041
insert;36509;true;1100;92
insert;27285;true;900;85
insert;56584;true;2200;641
insert;18509;true;4300;2018
insert;62533;true;1900;545
insert;3193;true;1500;991
insert;16757;true;2800;1914
insert;63881;true;1300;674
insert;5171;true;1700;1145
insert;40728;true;1500;107
insert;15749;true;2700;1854
insert;21307;true;4000;2219
insert;67785;true;1800;925
insert;65107;true;1200;746
insert;99093;true;3900;2014
insert;88730;true;2200;1287
insert;30122;true;4400;57
insert;62754;true;2000;562
insert;76433;true;3700;1567
insert;50659;true;2200;469
insert;32781;true;1000;41
insert;30525;true;4600;69
insert;66496;true;1500;830
insert;1791;true;1700;888
insert;41480;true;1400;162
insert;54499;true;1500;492
insert;76001;true;2900;1543
insert;14269;true;2900;1755
insert;73420;true;2400;1332
insert;68207;true;1800;969
insert;47526;true;1100;210
insert;34186;true;2900;53
insert;29934;true;4600;52
insert;10189;true;2200;1462
insert;21821;true;3500;2265
insert;33536;true;600;78
insert;52876;true;1100;383
insert;45866;true;1500;408
insert;99063;true;3200;2014
insert;8687;true;1900;1380
insert;23293;true;900;41
insert;9734;true;2100;1441
insert;94523;true;2900;1689
insert;88862;true;2200;1304
insert;89274;true;2200;1329
insert;46587;true;1600;449
insert;17880;true;3500;2006
insert;3506;true;1500;1029
insert;92005;true;2600;1500
insert;86425;true;1900;1117
insert;87303;true;1800;1180
insert;35818;true;1200;68
insert;16723;true;3100;1940
insert;65514;true;1300;780
insert;67293;true;1500;893
insert;9476;true;1900;1431
insert;87880;true;2000;1231
insert;87953;true;2200;1234
insert;72462;true;2600;1286
insert;88721;true;2300;1305
insert;41668;true;1300;179
insert;84303;true;1500;984
insert;21365;true;4400;2252
insert;88960;true;2200;1335
insert;45026;true;1100;336
insert;73815;true;2800;1387
insert;33953;true;1200;77
insert;91898;true;2700;1512
insert;4116;true;1600;1071
insert;690;true;1000;820
insert;16363;true;3600;1933
insert;35090;true;8800;77
insert;91411;true;2600;1485
insert;98602;true;3800;2022
insert;3081;true;1400;996
insert;82346;true;1200;841
insert;8697;true;2000;1401
insert;38091;true;4400;88
insert;99048;true;3700;2060
insert;77573;true;5000;1678
insert;94036;true;2500;1693
insert;65503;true;1100;785
insert;96508;true;3000;1890
insert;95263;true;3000;1807
insert;81218;true;1100;774
insert;40404;true;1000;115
insert;40440;true;600;120
insert;26432;true;1000;77
insert;6183;true;1600;1246
insert;45886;true;1300;417
insert;18694;true;3300;2087
insert;12758;true;2500;1682
insert;35407;true;1332600;60
insert;35608;true;1200;63
insert;42385;true;2200;224
insert;52861;true;1900;384
insert;65632;true;2300;798
insert;34051;true;1100;96
insert;91566;true;5300;1501
insert;15822;true;7100;1911
insert;46643;true;2200;458
insert;97615;true;4300;1990
insert;95037;true;2700;1801
insert;38447;true;1500;51
insert;77949;true;5200;1709
insert;22837;true;1100;122
insert;60110;true;1600;369
insert;29355;true;1200;38
insert;70821;true;1900;1160
insert;73930;true;2400;1407
insert;44840;true;1100;327
insert;60176;true;1200;376
insert;72894;true;2300;1330
insert;82804;true;1200;894
insert;32140;true;22400;70
insert;14780;true;3200;1832
insert;18963;true;4100;2119
insert;29130;true;1000;32
insert;16447;true;3200;1964
insert;86508;true;1800;1153
insert;78377;true;3200;1749
insert;81507;true;1100;808
insert;16732;true;3000;1981
insert;16158;true;2500;1940
insert;33938;true;1100;79
insert;17647;true;3000;2051
insert;17917;true;3100;2064
insert;32930;true;45500;54
insert;16382;true;3400;1963
insert;11818;true;2500;1630
insert;99006;true;4200;2089
insert;86370;true;1900;1146
insert;82475;true;1300;877
insert;15751;true;3200;1919
insert;16332;true;3100;1964
insert;45944;true;1600;428
insert;28073;true;1100;150
insert;51704;true;1100;305
insert;28238;true;1100;169
insert;7592;true;1800;1351
insert;21923;true;6000;2360
insert;83866;true;1400;978
insert;39102;true;800;92
insert;31420;true;27500;103
insert;14502;true;2700;1825
insert;26069;true;1300;95
insert;10172;true;2100;1512
insert;61164;true;1600;443
insert;59762;true;1100;354
insert;99697;true;3400;2163
insert;80590;true;3900;1878
insert;10746;true;2100;1559
insert;42848;true;1000;203
insert;60054;true;1100;375
insert;61345;true;1500;472
insert;81989;true;1100;842
insert;65965;true;1300;823
insert;20629;true;3400;2278
insert;76234;true;2700;1606
insert;18315;true;3200;2117
insert;55046;true;2000;558
insert;82438;true;1300;879
insert;83517;true;1300;966
insert;75707;true;2300;1569
insert;79944;true;2800;1852
insert;9055;true;1800;1448
insert;7239;true;1700;1339
insert;43243;true;900;232
insert;62166;true;1700;527
insert;18391;true;3200;2130
insert;60839;true;1300;434
insert;60343;true;1000;407
insert;92857;true;2300;1639
insert;85918;true;1600;1132
insert;13368;true;2500;1761
insert;38431;true;900;51
insert;14133;true;2700;1824
insert;69207;true;1600;1069
insert;74942;true;2200;1516
insert;27157;true;1600;92
insert;23148;true;900;154
insert;66478;true;900;861
insert;85966;true;1400;1141
insert;12323;true;2200;1695
insert;71481;true;1800;1220
insert;26111;true;1000;104
insert;76091;true;2400;1609
insert;84905;true;1700;1074
insert;97914;true;3900;2057
insert;21127;true;3900;2332
insert;93862;true;2600;1734
insert;38367;true;1100;61
insert;84980;true;1200;1087
insert;8408;true;1700;1419
insert;45791;true;1600;421
insert;85585;true;1700;1134
insert;89531;true;2100;1433
insert;56430;true;1800;649
insert;89661;true;2000;1446
insert;5011;true;1400;1184
insert;94203;true;2500;1771
insert;71607;true;2000;1240
insert;90034;true;2100;1472
insert;8794;true;2100;1453
insert;23140;true;800;158
insert;81559;true;900;831
insert;63617;true;700;691
insert;81994;true;1100;862
insert;57893;true;700;228
insert;60759;true;1300;439
insert;24907;true;800;71
insert;97907;true;3000;2085
insert;71699;true;1800;1256
insert;2633;true;1100;994
insert;14229;true;2500;1851
insert;74229;true;2200;1457
insert;17383;true;3100;2092
insert;37912;true;26000;79
insert;53997;true;1400;466
insert;22547;true;1000;109
insert;28221;true;1400;168
insert;28495;true;1200;209
insert;52584;true;1000;375
insert;81505;true;1000;830
insert;50946;true;2000;491
insert;72943;true;2000;1368
insert;82937;true;1300;953
insert;82933;true;1200;954
insert;40539;true;1000;107
insert;69144;true;1800;1075
insert;16589;true;3100;2039
insert;65991;true;1200;842
insert;64964;true;900;777
insert;75904;true;2300;1616
insert;31431;true;5700;106
insert;8390;true;2400;1430
insert;99734;true;4200;2231
insert;42493;true;1200;234
insert;95649;true;2700;1926
insert;12057;true;2600;1701
insert;69312;true;1700;1103
insert;37105;true;2800;64
insert;56367;true;1600;648
insert;40825;true;800;123
insert;9688;true;1800;1514
insert;56956;true;1400;697
insert;30573;true;4600;72
insert;15661;true;3000;1973
insert;27927;true;1000;138
insert;74045;true;2500;1466
insert;86764;true;1900;1239
insert;87006;true;1900;1258
insert;49304;true;1300;362
insert;80098;true;3500;1909
insert;85846;true;1800;1169
insert;33191;true;1300;53
insert;993;true;1000;904
insert;81612;true;1100;846
insert;86531;true;1500;1229
insert;74408;true;2500;1500
insert;6182;true;1900;1293
insert;76900;true;3000;1713
insert;61108;true;1500;460
insert;50092;true;1300;425
insert;25904;true;1600;85
insert;51159;true;1300;508
insert;8067;true;1800;1418
insert;2770;true;1300;1021
insert;54261;true;1400;500
insert;66955;true;1200;930
insert;23608;true;9500;57
insert;93916;true;3000;1790
insert;8347;true;2200;1444
insert;82037;true;1200;883
insert;36102;true;1200;61
insert;42361;true;1200;226
insert;41659;true;1100;187
insert;65842;true;1200;843
insert;2411;true;1200;993
insert;81199;true;900;816
insert;89815;true;2000;1501
insert;99733;true;3700;2262
insert;11187;true;2200;1652
insert;47788;true;800;233
insert;30388;true;4500;63
insert;1131;true;1100;925
insert;53045;true;1000;407
insert;3418;true;1300;1088
insert;604;true;900;867
insert;85631;true;1700;1177
insert;61978;true;1500;537
insert;33919;true;1000;78
insert;96725;true;3300;2032
insert;20789;true;4300;2376
insert;77768;true;3200;1784
insert;65364;true;1300;815
insert;11188;true;2300;1665
insert;2114;true;1100;988
insert;56046;true;1600;634
insert;12938;true;2700;1803
insert;40555;true;1000;114
insert;53499;true;1100;447
insert;5479;true;1500;1266
insert;42932;true;900;210
insert;34384;true;900;36
insert;12193;true;2600;1759
insert;86291;true;1600;1217
insert;42378;true;900;239
insert;69632;true;1700;1138
insert;12895;true;2900;1808
insert;63163;true;1600;632
insert;71606;true;1900;1277
insert;68563;true;1700;1060
insert;74151;true;2300;1493
insert;96718;true;2900;2036
insert;16106;true;3100;2057
insert;39106;true;1000;98
insert;54096;true;1200;490
insert;58430;true;1700;275
insert;15569;true;26700;2024
insert;21544;true;3800;2457
insert;45229;true;1300;371
insert;60564;true;1400;436
insert;77718;true;3100;1796
insert;72466;true;2300;1373
insert;94008;true;2500;1817
insert;91624;true;2300;1618
insert;39793;true;1000;69
insert;80430;true;3500;1968
insert;30586;true;5000;78
insert;41880;true;1100;218
insert;67250;true;1400;959
insert;24266;true;2800;77
insert;59268;true;1000;339
insert;65113;true;1300;806
insert;89139;true;2200;1469
insert;90351;true;2400;1552
insert;22527;true;1200;110
insert;71639;true;2000;1299
insert;70189;true;1900;1198
insert;8860;true;2300;1510
insert;63933;true;1100;743
insert;58389;true;1000;278
insert;53249;true;1200;427
insert;79203;true;3600;1918
insert;86698;true;2000;1263
insert;74043;true;2200;1511
insert;94413;true;2700;1874
insert;19921;true;3600;2341
insert;6022;true;1800;1314
insert;51207;true;1600;517
insert;7334;true;2000;1413
insert;29118;true;1000;55
insert;98080;true;3600;2167
insert;16038;true;3300;2066
insert;40094;true;1000;102
insert;19308;true;3500;2309
insert;89490;true;2200;1496
insert;94361;true;2500;1873
insert;97684;true;3600;2154
insert;15982;true;3600;2068
insert;14218;true;2600;1929
insert;77358;true;3000;1788
insert;48208;true;900;265
insert;73061;true;2300;1441
insert;42372;true;1200;243
insert;38098;true;1000;63
insert;77239;true;2900;1786
insert;51566;true;1000;304
insert;24892;true;1200;75
insert;37156;true;800;50
insert;96085;true;3300;2031
insert;9728;true;2500;1580
insert;24215;true;800;53
insert;16809;true;3200;2145
insert;47541;true;1000;220
insert;61843;true;1700;543
insert;45613;true;1400;408
insert;15948;true;3700;2072
insert;1800;true;1200;985
insert;22648;true;1500;119
insert;62614;true;1900;606
insert;79012;true;3400;1921
insert;26422;true;1400;88
insert;80609;true;3600;2016
insert;73021;true;2400;1445
insert;26652;true;1000;102
insert;60368;true;1300;431
insert;51463;true;900;295
insert;52016;true;900;336
insert;71368;true;2000;1280
insert;58108;true;700;256
insert;40951;true;700;142
insert;67316;true;1200;981
insert;59991;true;1000;399
insert;24276;true;800;62
insert;75961;true;5100;1694
insert;35705;true;1000;68
insert;62848;true;1300;634
insert;34072;true;800;106
insert;26821;true;4400;121
insert;77627;true;3000;1837
insert;94269;true;3000;1864
insert;73952;true;2400;1528
insert;13824;true;2900;1888
insert;10897;true;2300;1683
insert;11556;true;2400;1730
insert;41684;true;900;205
insert;86974;true;1800;1299
insert;46364;true;1700;465
insert;66081;true;1200;895
insert;31311;true;4700;99
insert;64887;true;1000;810
insert;76263;true;3000;1741
insert;11367;true;2100;1717
insert;39272;true;900;48
insert;11221;true;2500;1710
insert;24513;true;1000;57
insert;86416;true;1600;1248
insert;41758;true;1000;212
insert;45066;true;1200;362
insert;6807;true;2300;1395
insert;40038;true;900;103
insert;74852;true;2600;1622
insert;28550;true;1100;217
insert;36360;true;900;84
insert;91747;true;3100;1653
insert;25841;true;1100;83
insert;93686;true;3000;1820
insert;40842;true;800;139
insert;52971;true;1300;415
insert;91756;true;2200;1657
insert;20815;true;3700;2458
insert;10306;true;2100;1637
insert;63264;true;900;713
insert;21844;true;3800;2544
insert;53595;true;1100;476
insert;66809;true;1300;964
insert;84966;true;1500;1146
insert;69670;true;1700;1193
insert;38026;true;900;62
insert;67446;true;1200;1018
insert;56107;true;1500;663
insert;41397;true;900;182
insert;74366;true;1359300;1581
insert;47993;true;2900;253
insert;27220;true;1400;90
insert;54418;true;2700;542
insert;54004;true;1300;503
insert;93663;true;6000;1825
insert;52897;true;1100;420
insert;64088;true;1600;776
insert;28343;true;1400;195
insert;83427;true;1300;1034
insert;80004;true;7100;2027
insert;41793;true;1700;225
insert;31168;true;14300;88
insert;95029;true;3600;1973
insert;69469;true;2100;1186
insert;21847;true;8500;2547
insert;36084;true;1100;63
insert;73534;true;2500;1511
insert;83480;true;1500;1038
insert;55129;true;1700;619
insert;6715;true;1800;1394
insert;9484;true;2200;1583
insert;92565;true;2800;1743
insert;63397;true;900;726
insert;7607;true;2000;1458
insert;5554;true;1600;1305
insert;30926;true;9700;82
insert;29004;true;1000;49
insert;80647;true;3500;2081
insert;29881;true;4700;53
insert;78570;true;16500;1954
insert;40245;true;3200;116
insert;90476;true;9000;1596
insert;15038;true;6300;2044
insert;61024;true;2500;481
insert;45121;true;1900;371
insert;64572;true;1400;811
insert;61604;true;1600;536
insert;24521;true;10100;81
insert;91544;true;57000;1657
insert;99928;true;6200;2370
insert;33372;true;1400;68
insert;29423;true;32100;59
insert;44883;true;2100;348
insert;61914;true;2800;567
insert;3819;true;2700;1173
insert;80865;true;1100;821
insert;39048;true;900;91
insert;94659;true;63400;1944
insert;87703;true;2100;1387
insert;9084;true;3600;1568
insert;30855;true;11200;75
insert;29538;true;1100;45
insert;96118;true;3300;2086
insert;48867;true;2100;334
insert;87293;true;1800;1349
insert;52669;true;1400;406
insert;48862;true;900;335
insert;51297;true;800;293
insert;66072;true;2000;922
insert;22911;true;1400;146
insert;1079;true;1000;963
insert;20951;true;6100;2498
insert;81083;true;1100;850
insert;67543;true;1700;1047
insert;7191;true;1900;1443
insert;19122;true;3600;2366
insert;90189;true;2800;1595
insert;74482;true;4000;1624
insert;16961;true;3400;2217
insert;59185;true;1400;354
insert;98140;true;3600;2248
insert;2251;true;1100;1044
insert;96425;true;3100;2113
insert;95824;true;3300;2074
insert;85227;true;1800;1203
insert;1008;true;1200;965
insert;57718;true;2900;816
insert;88691;true;2100;1484
insert;35593;true;1700;61
insert;15426;true;3300;2098
insert;16063;true;3100;2149
insert;68954;true;1600;1165
insert;94343;true;3000;1941
insert;55623;true;1300;661
insert;85345;true;1900;1212
insert;36721;true;4700;56
insert;4765;true;1700;1266
insert;80490;true;5100;2088
insert;86912;true;1800;1339
insert;49128;true;1200;366
insert;52754;true;1000;420
insert;23612;true;800;37
insert;86396;true;1800;1286
insert;20642;true;3800;2501
insert;43599;true;1900;267
insert;35796;true;800;75
insert;97477;true;3200;2225
insert;30228;true;4900;72
insert;87723;true;2300;1416
insert;9119;true;2600;1594
insert;23134;true;1200;171
insert;55066;true;1600;623
insert;80546;true;3900;2095
insert;85991;true;1800;1261
insert;77287;true;3200;1868
insert;88613;true;1900;1492
insert;83037;true;1200;1035
insert;95016;true;2800;2036
insert;69625;true;1700;1221
insert;81246;true;800;881
insert;74258;true;2100;1606
insert;7627;true;2200;1493
insert;74087;true;2200;1593
insert;52953;true;1000;436
insert;7827;true;1800;1508
insert;83274;true;1100;1064
insert;28655;true;1100;228
insert;81453;true;800;899
insert;63441;true;800;750
insert;7939;true;2600;1515
insert;92333;true;3000;1792
insert;32168;true;4500;75
insert;41735;true;1600;220
insert;98495;true;4300;2327
insert;8234;true;2200;1540
insert;29357;true;900;40
insert;14715;true;3400;2055
insert;81248;true;1000;888
insert;73791;true;2200;1573
insert;97494;true;3100;2259
insert;45587;true;1900;418
insert;83264;true;1200;1074
insert;54991;true;1500;617
insert;9015;true;2000;1602
insert;22425;true;800;110
insert;80466;true;3700;2108
insert;44130;true;1100;303
insert;38526;true;1000;68
insert;21043;true;4200;2555
insert;63755;true;1000;777
insert;57362;true;2000;806
insert;53741;true;1100;511
insert;52359;true;900;388
insert;68249;true;1500;1128
insert;79504;true;3600;2051
insert;26529;true;7700;126
insert;52232;true;800;375
insert;9414;true;2100;1630
insert;54149;true;1400;550
insert;75857;true;3100;1772
insert;62687;true;2400;637
insert;80730;true;3600;2149
insert;872;true;1000;951
insert;4604;true;1800;1262
insert;26106;true;800;114
insert;93106;true;3000;1867
insert;1389;true;1200;1013
insert;65475;true;1300;904
insert;49388;true;1500;397
insert;20710;true;4200;2542
insert;52787;true;1100;435
insert;76320;true;3000;1825
insert;20359;true;4000;2513
insert;34476;true;1100;40
insert;70741;true;1700;1324
insert;36773;true;6200;60
insert;47359;true;800;216
insert;96417;true;3800;2174
insert;69309;true;1700;1221
insert;31307;true;5000;103
insert;59067;true;1200;348
insert;52666;true;1100;426
insert;83891;true;1500;1121
insert;44505;true;1200;330
insert;17921;true;3600;2340
insert;8941;true;2400;1609
insert;4585;true;1700;1270
insert;57525;true;2100;843
insert;92445;true;2900;1820
insert;6486;true;1900;1435
insert;21520;true;3800;2628
insert;44761;true;1300;351
insert;47737;true;1000;243
insert;8747;true;2100;1609
insert;6987;true;1700;1476
insert;20053;true;4000;2511
insert;33789;true;1200;66
insert;74391;true;2700;1656
insert;18510;true;3600;2404
insert;10836;true;2200;1775
insert;45968;true;1600;476
insert;92027;true;2400;1783
insert;16187;true;3100;2230
insert;110;true;1100;913
insert;31523;true;4700;130
insert;25643;true;1100;92
insert;39267;true;800;49
insert;98702;true;3800;2364
insert;77503;true;3100;1929
insert;41437;true;1200;189
insert;74779;true;2600;1710
insert;61272;true;1600;521
insert;86653;true;1800;1349
insert;19897;true;4000;2510
insert;99957;true;3900;2484
insert;58465;true;900;300
insert;3622;true;1400;1207
insert;10728;true;5600;1776
insert;98262;true;3700;2345
insert;86107;true;1900;1304
insert;27097;true;3700;129
insert;35360;true;2800;82
insert;25979;true;900;97
insert;42708;true;900;213
insert;33326;true;1200;69
insert;81813;true;1200;951
insert;94653;true;3100;2038
insert;4360;true;1600;1259
insert;38105;true;1100;69
insert;17588;true;3400;2356
insert;83329;true;1300;1095
insert;88245;true;2100;1512
insert;81096;true;900;891
insert;95015;true;2900;2094
insert;42020;true;1300;256
insert;83572;true;1400;1119
insert;18507;true;3800;2425
insert;19351;true;3700;2494
insert;17165;true;3800;2329
insert;96626;true;3600;2236
insert;18201;true;3900;2396
insert;48452;true;1200;296
insert;57248;true;2500;818
insert;42915;true;800;226
insert;1932;true;1100;1067
insert;89946;true;2400;1663
insert;35283;true;900;57
insert;83257;true;1200;1098
insert;98399;true;4000;2387
insert;94740;true;3400;2070
insert;12763;true;2600;1960
insert;95581;true;3000;2159
insert;8263;true;2000;1597
insert;91048;true;2400;1746
insert;88739;true;2100;1577
insert;16947;true;3400;2322
insert;7766;true;2100;1565
insert;88034;true;1900;1508
insert;70239;true;2000;1305
insert;68749;true;1600;1180
insert;9984;true;2200;1734
insert;28900;true;1100;48
insert;24355;true;6500;74
insert;93247;true;2700;1939
insert;7335;true;2000;1533
insert;57677;true;1700;855
insert;61057;true;1400;499
insert;52789;true;1000;444
insert;78052;true;3900;1991
insert;57678;true;1700;861
insert;10381;true;2000;1774
insert;40185;true;1000;113
insert;21965;true;4300;2740
insert;91185;true;2300;1758
insert;44347;true;1300;335
insert;93834;true;3100;1993
insert;81672;true;1000;964
insert;13510;true;3000;2034
insert;83413;true;1300;1127
insert;5489;true;1600;1387
insert;80783;true;900;876
insert;56697;true;1500;774
insert;18231;true;3500;2434
insert;49166;true;1300;381
insert;77431;true;2900;1936
insert;18209;true;3800;2433
insert;58326;true;1000;284
insert;76357;true;2800;1851
insert;98953;true;4200;2461
insert;97104;true;3700;2308
insert;92745;true;2900;1909
insert;45528;true;1600;434
insert;43431;true;1000;271
insert;10337;true;2300;1778
insert;8259;true;1900;1615
insert;7341;true;1900;1546
insert;83724;true;1400;1156
insert;41407;true;1100;189
insert;30176;true;4600;67
insert;41740;true;1200;230
insert;83438;true;1200;1139
insert;15601;true;3400;2237
insert;65220;true;1200;896
insert;6338;true;1900;1468
insert;18011;true;4000;2441
insert;45106;true;1200;400
insert;7255;true;1900;1542
insert;93014;true;2600;1944
insert;2407;true;1200;1125
insert;98190;true;3200;2423
insert;8493;true;2100;1652
insert;48938;true;1100;366
insert;54478;true;1300;597
insert;88105;true;2000;1540
insert;23887;true;1000;40
insert;3512;true;1400;1235
insert;78959;true;3400;2067
insert;26464;true;1100;95
insert;82826;true;1100;1077
insert;15116;true;3400;2216
insert;70984;true;1900;1360
insert;80205;true;3500;2149
insert;46376;true;1500;513
insert;54848;true;1300;632
insert;36687;true;3100;50
insert;93299;true;2700;1984
insert;12211;true;2900;1979
insert;27687;true;1100;129
insert;68376;true;1700;1164
insert;30035;true;6800;70
insert;53917;true;1400;545
insert;31362;true;6700;113
insert;99625;true;3900;2553
insert;91423;true;2700;1810
insert;77965;true;3500;2001
insert;80799;true;800;891
insert;68273;true;1800;1156
insert;74644;true;2600;1723
insert;67163;true;1400;1058
insert;31855;true;3900;158
insert;66354;true;1400;987
insert;88344;true;2500;1580
insert;84847;true;1400;1269
insert;65727;true;1300;946
insert;34437;true;3000;57
insert;4013;true;1300;1276
insert;48228;true;1000;289
insert;95829;true;3300;2252
insert;53950;true;1400;550
insert;96233;true;3900;2287
insert;87901;true;2400;1538
insert;32546;true;1000;32
insert;20358;true;4700;2651
insert;94745;true;3300;2145
insert;64234;true;1100;839
insert;28268;true;1200;190
insert;79665;true;3800;2140
insert;56881;true;2000;805
insert;3544;true;1500;1244
insert;17319;true;3900;2415
insert;92729;true;2700;1942
insert;69765;true;1900;1301
insert;39423;true;800;64
insert;3199;true;1300;1216
insert;99728;true;4500;2595
insert;62661;true;2100;651
insert;99291;true;4500;2558
insert;32588;true;5700;51
insert;80728;true;3200;2226
insert;54423;true;1300;604
insert;77918;true;2900;2021
insert;31749;true;7300;151
insert;59339;true;207600;378
insert;18443;true;32800;2513
insert;85286;true;3300;1323
insert;74098;true;5000;1670
insert;82594;true;1400;1076
insert;22628;true;1200;125
insert;20677;true;4500;2696
insert;16566;true;3400;2363
insert;20018;true;4000;2638
insert;33693;true;1300;55
insert;77028;true;3900;1945
insert;22138;true;1000;84
insert;25993;true;1400;107
insert;19365;true;4200;2597
insert;98623;true;6400;2499
insert;3432;true;1600;1236
insert;78695;true;3900;2096
insert;52084;true;1100;379
insert;84674;true;1600;1274
insert;37067;true;1400;41
insert;33456;true;900;82
insert;10476;true;2700;1837
insert;13446;true;2900;2090
insert;16822;true;3300;2395
insert;32804;true;1400;38
insert;43594;true;1200;286
insert;68884;true;1800;1227
insert;93582;true;3500;2039
insert;51245;true;900;320
insert;18565;true;4200;2550
insert;86962;true;1800;1472
insert;99540;true;4400;2595
insert;75714;true;3000;1842
insert;858;true;900;1017
insert;26869;true;1100;98
insert;36188;true;900;70
insert;65368;true;1400;933
insert;70187;true;1900;1346
insert;20793;true;4700;2738
insert;41640;true;1300;215
insert;2356;true;1300;1145
insert;24476;true;1000;56
insert;37990;true;800;62
insert;7405;true;2300;1600
insert;42977;true;1000;239
insert;53086;true;1500;489
insert;37600;true;12500;81
insert;15997;true;3900;2331
insert;93520;true;3400;2040
insert;36758;true;4000;60
insert;48342;true;1200;296
insert;54715;true;1900;642
insert;10940;true;3200;1904
insert;64202;true;1100;851
insert;1359;true;1200;1087
insert;74430;true;3300;1726
insert;27173;true;24400;139
insert;22932;true;1200;161
insert;88834;true;2700;1657
insert;1777;true;1200;1108
insert;93724;true;3400;2064
insert;83554;true;1500;1183
insert;41358;true;1100;190
insert;37538;true;3200;78
insert;3840;true;1600;1309
insert;23129;true;1000;182
insert;64171;true;1100;853
insert;94429;true;3400;2152
insert;96712;true;4200;2365
insert;7155;true;2500;1586
insert;71868;true;2800;1486
insert;91323;true;3100;1844
insert;84289;true;1600;1251
insert;12335;true;3200;2039
insert;9038;true;2600;1752
insert;34749;true;3500;65
insert;79077;true;3900;2145
insert;33370;true;1000;73
insert;93453;true;3100;2054
insert;2451;true;1500;1171
insert;33651;true;1000;54
insert;48620;true;1200;331
insert;14249;true;3500;2204
insert;31537;true;1600;118
insert;20661;true;4700;2761
insert;6929;true;2300;1576
insert;28484;true;2200;225
insert;77990;true;3800;2070
insert;58519;true;1300;315
insert;68595;true;1900;1219
insert;51818;true;1100;373
insert;81155;true;1000;957
insert;7461;true;2200;1629
insert;13650;true;5200;2154
insert;72379;true;2600;1542
insert;12923;true;3200;2103
insert;5016;true;1800;1418
insert;98241;true;4900;2518
insert;901;true;1200;1047
insert;44787;true;1600;378
insert;17067;true;4000;2478
insert;51217;true;1800;322
insert;55708;true;2300;745
insert;27853;true;1000;144
insert;3995;true;2000;1333
insert;67519;true;1700;1127
insert;83879;true;1600;1221
insert;6826;true;2000;1586
insert;83600;true;1800;1200
insert;71158;true;2300;1432
insert;31938;true;1100;45
insert;55899;true;2000;752
insert;53008;true;1100;493
insert;99994;true;4700;2687
insert;74112;true;2900;1709
insert;82355;true;1300;1068
insert;77147;true;3600;2006
insert;44698;true;1300;373
insert;96380;true;3800;2365
insert;83305;true;1400;1178
insert;9013;true;2600;1777
insert;81959;true;1200;1039
insert;12108;true;3200;2054
insert;97980;true;4700;2514
insert;17370;true;4000;2523
insert;69212;true;2000;1285
insert;11719;true;3000;2014
insert;43840;true;1200;314
insert;64836;true;1100;908
insert;50745;true;2200;540
insert;70950;true;2300;1425
insert;87650;true;2300;1571
insert;93188;true;3100;2044
insert;10273;true;2800;1885
insert;67754;true;1700;1164
insert;20695;true;5100;2808
insert;5518;true;2000;1481
insert;62034;true;2100;604
insert;42236;true;1500;277
insert;89771;true;2700;1771
insert;86745;true;2200;1490
insert;57156;true;2100;866
insert;2240;true;1300;1174
insert;27517;true;1000;123
insert;58479;true;1100;313
insert;59858;true;1300;426
insert;94992;true;3600;2257
insert;17877;true;4500;2569
insert;51548;true;900;357
insert;45684;true;1500;477
insert;98688;true;4500;2586
insert;9490;true;2800;1832
insert;67518;true;1800;1137
insert;50136;true;1500;481
insert;86192;true;2000;1431
insert;61680;true;1600;583
insert;29714;true;1200;53
insert;64794;true;1200;910
insert;43884;true;1100;320
insert;64605;true;900;897
insert;63142;true;1700;714
insert;6940;true;2200;1609
insert;1320;true;1100;1112
insert;1992;true;1200;1157
insert;56389;true;2000;800
insert;82014;true;1200;1058
insert;60498;true;1300;485
insert;40355;true;1000;130
insert;35057;true;900;52
insert;62228;true;1700;632
insert;25082;true;1000;94
insert;16017;true;4000;2420
insert;95393;true;4000;2309
insert;46320;true;1800;533
insert;95076;true;4100;2288
insert;65768;true;1400;996
insert;6665;true;2100;1593
insert;55732;true;1700;757
insert;41357;true;1000;192
insert;36928;true;900;40
insert;67721;true;1900;1173
insert;54649;true;1600;648
insert;44424;true;1200;362
insert;10187;true;3000;1900
insert;69474;true;2200;1332
insert;4861;true;1600;1439
insert;4095;true;1600;1366
insert;16534;true;4100;2491
insert;46456;true;1600;549
insert;75738;true;4000;1911
insert;76260;true;3400;1962
insert;60527;true;1400;489
insert;89832;true;2700;1791
insert;31354;true;1200;93
insert;66377;true;1500;1047
insert;30725;true;3800;85
insert;8767;true;2800;1796
insert;88146;true;2400;1638
insert;8735;true;2200;1793
insert;98641;true;4300;2601
insert;8472;true;2300;1768
insert;86119;true;1900;1440
insert;64095;true;900;872
insert;13145;true;2800;2193
insert;98060;true;3500;2561
insert;19577;true;27700;2762
insert;64546;true;1300;903
insert;22608;true;1300;131
insert;97853;true;4000;2546
insert;80267;true;24300;2288
insert;77660;true;4400;2099
insert;83184;true;2400;1189
insert;60848;true;2100;514
insert;93676;true;4900;2134
insert;62447;true;1900;665
insert;90357;true;3000;1847
insert;58311;true;1000;298
insert;25159;true;1300;77
insert;50470;true;2100;520
insert;75891;true;3500;1932
insert;35850;true;2000;84
insert;87349;true;2400;1574
insert;66177;true;1500;1041
insert;14498;true;5500;2305
insert;39153;true;1200;106
insert;12345;true;3300;2130
insert;19735;true;5100;2779
insert;36798;true;1000;46
insert;69571;true;2000;1356
insert;88720;true;2700;1713
insert;75056;true;3200;1875
insert;54520;true;7600;641
insert;19835;true;4500;2792
insert;45637;true;2000;482
insert;51979;true;1000;392
insert;84996;true;2100;1364
insert;44943;true;1400;409
insert;17474;true;4700;2603
insert;88480;true;2500;1699
insert;56412;true;2000;817
insert;36009;true;900;61
insert;11958;true;3500;2098
insert;77794;true;4100;2130
insert;72348;true;2600;1593
insert;28409;true;1600;222
insert;91386;true;3300;1930
insert;80836;true;900;957
insert;54600;true;1800;652
insert;97406;true;5200;2526
insert;7637;true;2600;1711
insert;81998;true;1300;1079
insert;69736;true;17300;1384
insert;86977;true;2600;1558
insert;76667;true;3900;2033
insert;68942;true;2200;1308
insert;78175;true;4300;2181
insert;32933;true;14200;54
insert;36860;true;900;49
insert;74705;true;3200;1858
insert;51308;true;1000;343
insert;54464;true;1600;644
insert;3029;true;1500;1272
insert;21588;true;5300;2973
insert;24541;true;800;59
insert;32643;true;700;31
insert;35134;true;4600;76
insert;4304;true;2100;1402
insert;31598;true;1400;132
insert;51674;true;1200;385
insert;72787;true;2900;1659
insert;47221;true;1000;219
insert;66386;true;1500;1072
insert;93165;true;3800;2105
insert;88747;true;2800;1742
insert;56082;true;2000;796
insert;88365;true;2600;1703
insert;23651;true;2700;56
insert;77592;true;3900;2129
insert;59373;true;1400;399
insert;13839;true;3900;2261
insert;80634;true;4700;2370
insert;16196;true;4300;2498
insert;99116;true;5600;2710
insert;63938;true;1100;881
insert;7227;true;2300;1675
insert;76703;true;3800;2056
insert;81933;true;1200;1071
insert;40543;true;1000;133
insert;49510;true;1700;436
insert;78838;true;4300;2251
insert;10989;true;3200;2026
insert;1637;true;1200;1161
insert;59671;true;1300;418
insert;7944;true;2500;1750
insert;36008;true;900;62
insert;45259;true;1600;450
insert;82778;true;1300;1164
insert;96253;true;4400;2457
insert;80086;true;4400;2332
insert;89478;true;2800;1810
insert;74585;true;3100;1855
insert;29086;true;900;61
insert;24786;true;1500;76
insert;85794;true;1900;1451
insert;57523;true;2200;939
insert;96016;true;4000;2444
insert;66157;true;1400;1060
insert;66708;true;1400;1121
insert;9743;true;2700;1917
insert;43806;true;1000;321
insert;51587;true;900;380
insert;76676;true;3700;2066
insert;55841;true;1900;789
insert;23899;true;1000;43
insert;78621;true;4100;2247
insert;50693;true;1800;549
insert;61870;true;1700;625
insert;53931;true;1500;598
insert;41732;true;1200;242
insert;30813;true;1300;56
insert;97745;true;5000;2609
insert;20269;true;5400;2870
insert;22471;true;1100;124
insert;47;true;1100;1029
insert;77806;true;3900;2180
insert;91104;true;3300;1942
insert;29630;true;4600;68
insert;17321;true;4500;2620
insert;86168;true;2100;1483
insert;25562;true;900;92
insert;51274;true;600;349
insert;31158;true;900;73
insert;2490;true;1400;1247
insert;14015;true;3500;2310
insert;53537;true;1400;572
insert;95957;true;4200;2450
insert;5244;true;2100;1521
insert;58411;true;1100;320
insert;52630;true;1100;487
insert;66950;true;1500;1147
insert;79175;true;4100;2300
insert;11288;true;3200;2072
insert;98117;true;4500;2647
insert;38246;true;1000;65
insert;56982;true;2000;904
insert;40073;true;1000;109
insert;31086;true;900;76
insert;67557;true;1500;1211
insert;98131;true;4300;2650
insert;60646;true;1400;519
insert;54303;true;1400;653
insert;77440;true;3600;2142
insert;57825;true;2000;986
insert;70035;true;2000;1447
insert;320;true;900;1053
insert;9821;true;2800;1940
insert;1917;true;1200;1197
insert;16143;true;6000;2530
insert;6810;true;2400;1667
insert;68216;true;1900;1276
insert;93125;true;3200;2135
insert;58817;true;1000;358
insert;58213;true;800;301
insert;34735;true;3000;67
insert;96128;true;3700;2472
insert;80297;true;3800;2389
insert;60231;true;1300;480
insert;35508;true;800;59
insert;6800;true;2100;1666
insert;85925;true;2000;1469
insert;32846;true;1000;39
insert;95268;true;3700;2392
insert;11342;true;3000;2097
insert;25951;true;1100;102
insert;99079;true;5000;2753
insert;7886;true;2400;1778
insert;98591;true;4600;2702
insert;30023;true;1100;56
insert;30736;true;800;48
insert;76490;true;3500;2066
insert;30757;true;900;53
insert;39459;true;800;67
insert;95063;true;3700;2377
insert;56787;true;2000;887
insert;24789;true;1000;79
insert;85434;true;1900;1444
insert;36329;true;1100;91
insert;42461;true;1100;307
insert;14088;true;3700;2345
insert;52561;true;1100;484
insert;36387;true;1000;104
insert;60074;true;1100;469
insert;10635;true;2900;2028
insert;8471;true;2300;1833
insert;27990;true;1200;167
insert;10436;true;3000;2016
insert;93347;true;3100;2185
insert;56465;true;1600;867
insert;75536;true;2400;1967
insert;3722;true;1200;1395
insert;11927;true;2400;2174
insert;63695;true;800;876
insert;93824;true;2600;2230
insert;38995;true;900;94
insert;85862;true;1500;1475
insert;64930;true;1000;981
insert;30655;true;800;77
insert;10426;true;2700;2021
insert;10511;true;3000;2034
insert;68114;true;1800;1284
insert;76923;true;4000;2121
insert;33759;true;1700;67
insert;49829;true;1600;464
insert;12514;true;3700;2235
insert;22165;true;1100;97
insert;16121;true;4300;2568
insert;19076;true;4900;2837
insert;68305;true;2000;1302
insert;42656;true;900;232
insert;28788;true;1600;44
insert;25271;true;900;88
insert;20776;true;5600;3002
insert;595;true;1100;1091
insert;99844;true;5900;2856
insert;12533;true;3600;2244
insert;5909;true;2000;1609
insert;71650;true;2700;1599
insert;74660;true;3900;1914
insert;10687;true;3300;2060
insert;73600;true;3100;1781
insert;99384;true;4600;2805
insert;67333;true;1600;1198
insert;32553;true;900;40
insert;65229;true;1200;1015
insert;57545;true;2400;978
insert;6169;true;2200;1635
insert;7685;true;2100;1786
insert;39208;true;900;46
insert;71613;true;2300;1604
insert;51084;true;1700;573
insert;12011;true;17800;2213
insert;50149;true;1600;498
insert;72353;true;5600;1671
insert;54766;true;1700;713
insert;56620;true;1700;884
insert;18388;true;4000;2804
insert;32594;true;9500;60
insert;88450;true;2400;1752
insert;1779;true;17100;1215
insert;62401;true;2600;690
insert;72624;true;3000;1720
insert;84879;true;1900;1395
insert;32087;true;1700;54
insert;5672;true;2200;1600
insert;8642;true;2600;1883
insert;22314;true;1100;110
insert;39672;true;900;70
insert;25109;true;1200;77
insert;20575;true;5500;3008
insert;60627;true;1400;531
insert;6469;true;2300;1679
insert;25780;true;1100;91
insert;25849;true;1300;96
insert;27544;true;1200;128
insert;12034;true;3500;2232
insert;75758;true;3700;2035
insert;81652;true;1100;1080
insert;20065;true;5300;2973
insert;81232;true;1100;1039
insert;94588;true;3900;2338
insert;4686;true;1800;1514
insert;60496;true;1400;518
insert;24787;true;1000;80
insert;95949;true;4300;2497
insert;98488;true;4900;2734
insert;57205;true;2400;951
insert;19184;true;5100;2899
insert;94687;true;4100;2351
insert;85674;true;2000;1484
insert;52294;true;1100;462
insert;72023;true;2700;1652
insert;27601;true;1100;133
insert;7402;true;2600;1780
insert;99802;true;5200;2881
insert;93765;true;3600;2252
insert;35952;true;2000;59
insert;89246;true;2800;1849
insert;1136;true;1100;1185
insert;340;true;900;1094
insert;47156;true;900;223
insert;29361;true;6400;58
insert;74330;true;3300;1879
insert;81357;true;1000;1060
insert;39018;true;1000;99
insert;57285;true;1800;963
insert;19863;true;4400;2965
insert;39119;true;800;114
insert;67851;true;1300;1276
insert;73689;true;2600;1817
insert;95939;true;4300;2515
insert;35131;true;3700;75
insert;89528;true;2800;1878
insert;53074;true;1300;550
insert;93018;true;3300;2179
insert;56476;true;1600;883
insert;24350;true;800;52
insert;664;true;900;1120
insert;2820;true;1400;1335
insert;3894;true;1700;1456
insert;29925;true;1000;43
insert;55419;true;1700;802
insert;54752;true;1600;725
insert;36802;true;700;53
insert;84544;true;1700;1386
insert;34833;true;6600;69
insert;97481;true;4600;2669
insert;99758;true;5200;2906
insert;49050;true;1300;398
insert;12929;true;3700;2341
insert;68680;true;2100;1352
insert;98103;true;4600;2729
insert;43125;true;1000;273
insert;63494;true;1000;879
insert;33248;true;1100;70
insert;1564;true;1200;1226
insert;17729;true;4600;2797
insert;91663;true;3200;2052
insert;92595;true;3400;2145
insert;79031;true;4500;2370
insert;76648;true;3700;2141
insert;39042;true;1000;103
insert;38404;true;1300;60
insert;48729;true;1200;359
insert;7819;true;2500;1844
insert;33296;true;900;73
insert;50598;true;1800;554
insert;55994;true;1900;842
insert;75975;true;3500;2074
insert;75295;true;3300;2011
insert;85455;true;2000;1484
insert;21653;true;5600;3165
insert;19166;true;4900;2932
insert;82889;true;1400;1235
insert;95342;true;4200;2476
insert;49192;true;1300;417
insert;38570;true;900;83
insert;68033;true;1800;1304
insert;26339;true;6000;119
insert;71747;true;2500;1645
insert;68314;true;1800;1338
insert;35169;true;3200;80
insert;68988;true;1900;1403
insert;16256;true;4500;2669
insert;47895;true;1100;282
insert;72219;true;2400;1692
insert;7796;true;2500;1848
insert;34661;true;3000;63
insert;86629;true;2200;1599
insert;66531;true;1600;1155
insert;611;true;1100;1129
insert;73943;true;3100;1874
insert;50571;true;1500;561
insert;28922;true;1100;55
insert;47697;true;1000;270
insert;81106;true;1000;1050
insert;95392;true;4400;2489
insert;92163;true;3300;2118
insert;68945;true;1900;1405
insert;50194;true;1500;525
insert;42999;true;1100;262
insert;70856;true;2400;1574
insert;63544;true;1000;899
insert;91494;true;3000;2057
insert;33167;true;1000;58
insert;52074;true;1100;443
insert;96720;true;4200;2628
insert;93640;true;4000;2285
insert;58577;true;1100;351
insert;63987;true;1000;942
insert;29275;true;6000;60
insert;30619;true;1000;72
insert;44329;true;1400;373
insert;32069;true;1100;51
insert;31775;true;900;148
insert;5041;true;1900;1576
insert;89406;true;2800;1898
insert;62282;true;1800;686
insert;48564;true;1200;346
insert;5972;true;2000;1669
insert;19242;true;4800;2956
insert;20579;true;5100;3081
insert;25690;true;900;101
insert;73652;true;2900;1855
insert;35727;true;1100;76
insert;68143;true;1800;1336
insert;30453;true;1000;57
insert;5885;true;2200;1664
insert;49021;true;1300;415
insert;37617;true;35000;85
insert;49297;true;1500;450
insert;87254;true;2600;1677
insert;15334;true;4600;2589
insert;88151;true;2600;1770
insert;97767;true;4900;2751
insert;98761;true;5000;2850
insert;68302;true;2000;1353
insert;48774;true;1900;385
insert;49867;true;1500;506
insert;33147;true;900;59
insert;24904;true;1100;91
insert;35288;true;7300;85
insert;17360;true;5000;2796
insert;10081;true;2600;2073
insert;31241;true;3500;85
insert;11475;true;3000;2230
insert;24004;true;7000;70
insert;84975;true;1800;1455
insert;75952;true;3800;2116
insert;7903;true;2200;1879
insert;20334;true;4300;3076
insert;83293;true;1200;1300
insert;91036;true;2700;2041
insert;57477;true;2200;1006
insert;62576;true;1500;725
insert;194;true;800;1107
insert;60582;true;1200;538
insert;88594;true;645900;1830
insert;58650;true;2800;363
insert;48798;true;2200;391
insert;44955;true;1900;430
insert;3433;true;3700;1428
insert;50641;true;2000;594
insert;93649;true;7400;2311
insert;66328;true;2500;1143
insert;64228;true;1000;970
insert;83643;true;1500;1338
insert;41946;true;2500;274
insert;51737;true;1400;427
insert;73216;true;4000;1825
insert;58794;true;1100;374
insert;2993;true;1300;1383
insert;57410;true;3200;1006
insert;74954;true;3400;2040
insert;50912;true;1600;621
insert;52193;true;1000;461
insert;1730;true;1200;1260
insert;38233;true;14000;95
insert;20300;true;8000;3087
insert;64237;true;1000;977
insert;65573;true;1300;1092
insert;84727;true;1700;1445
insert;64541;true;1100;999
insert;22639;true;1200;145
insert;29863;true;1500;40
insert;62042;true;1800;679
insert;97555;true;5800;2750
insert;63291;true;1000;892
insert;9063;true;2900;2010
insert;74256;true;3200;1951
insert;45657;true;1800;511
insert;55282;true;1800;810
insert;3725;true;1500;1479
insert;69807;true;2100;1532
insert;28837;true;1100;52
insert;86039;true;2000;1569
insert;25591;true;1400;101
insert;58299;true;1300;318
insert;37450;true;6700;76
insert;6023;true;2400;1704
insert;73637;true;2900;1885
insert;89424;true;2700;1930
insert;50816;true;1600;620
insert;62073;true;1600;685
insert;96526;true;3700;2657
insert;63319;true;800;898
insert;64983;true;1200;1053
insert;9787;true;2800;2081
insert;6404;true;2300;1746
insert;99352;true;5500;2946
insert;46223;true;1600;564
insert;24059;true;4200;72
insert;57068;true;2100;971
insert;82642;true;1300;1239
insert;37420;true;900;56
insert;27842;true;1100;156
insert;60272;true;1400;514
insert;82681;true;1200;1242
insert;65502;true;1300;1102
insert;90142;true;2500;2005
insert;42445;true;1300;311
insert;97105;true;4100;2714
insert;15891;true;4200;2679
insert;94716;true;3200;2463
insert;74878;true;3000;2063
insert;89633;true;2400;1962
insert;56156;true;1800;872
insert;42950;true;1000;261
insert;8176;true;2400;1928
insert;48195;true;1000;319
insert;73473;true;2600;1872
insert;90090;true;2700;2009
insert;88294;true;2000;1826
insert;36977;true;5600;64
insert;5787;true;2000;1689
insert;97580;true;4700;2787
insert;4107;true;1700;1518
insert;64687;true;1200;1027
insert;26146;true;1100;80
insert;4900;true;2000;1605
insert;48555;true;1200;356
insert;39682;true;900;73
insert;1671;true;1300;1272
insert;91278;true;3000;2098
insert;62788;true;2200;771
insert;9369;true;3000;2057
insert;15236;true;4700;2644
insert;77993;true;4900;2394
insert;35205;true;4100;82
insert;39974;true;1100;102
insert;65840;true;1400;1139
insert;50332;true;1500;569
insert;74488;true;3200;2020
insert;93343;true;3900;2323
insert;68339;true;2000;1407
insert;44970;true;1600;438
insert;11853;true;3300;2323
insert;73812;true;3100;1936
insert;53357;true;1400;593
insert;71406;true;2500;1677
insert;48511;true;1100;354
insert;98950;true;5000;2930
insert;63831;true;1100;962
insert;52512;true;1200;504
insert;26619;true;3100;133
insert;48435;true;1100;347
insert;29667;true;2800;76
insert;92665;true;3500;2239
insert;34700;true;800;51
insert;13709;true;3600;2492
insert;19862;true;5400;3087
insert;61265;true;1800;616
insert;12115;true;3300;2364
insert;50;true;1200;1123
insert;91993;true;3400;2176
insert;26151;true;2900;115
insert;40302;true;1600;139
insert;83074;true;1300;1303
insert;84128;true;1500;1414
insert;95746;true;3700;2619
insert;22166;true;900;102
insert;67521;true;1700;1315
insert;84163;true;1600;1420
insert;39221;true;1200;49
insert;76239;true;3400;2230
insert;82051;true;1000;1197
insert;74154;true;2700;1985
insert;1603;true;1200;1276
insert;26393;true;1100;88
insert;87250;true;2300;1734
insert;42594;true;900;233
insert;18160;true;4700;2933
insert;32926;true;1100;45
insert;75697;true;3300;2172
insert;57444;true;2700;1029
insert;43180;true;1100;296
insert;79829;true;4900;2561
insert;29359;true;1000;40
insert;21383;true;5500;3262
insert;43384;true;1100;303
insert;90372;true;2700;2059
insert;45150;true;1100;474
insert;30638;true;1100;80
insert;89350;true;2500;1962
insert;97579;true;3700;2825
insert;72310;true;2500;1786
insert;41919;true;1200;276
insert;68970;true;2100;1485
insert;17434;true;4300;2891
insert;27526;true;1000;131
insert;77135;true;3500;2332
insert;47344;true;1000;260
insert;33838;true;1000;84
insert;11275;true;3000;2272
insert;98033;true;4700;2874
insert;95179;true;4000;2581
insert;22714;true;1300;157
insert;31638;true;1400;142
insert;51300;true;1000;384
insert;60485;true;1700;541
insert;84598;true;1800;1474
insert;2366;true;1300;1353
insert;20174;true;4500;3142
insert;87459;true;2500;1765
insert;54369;true;1700;703
insert;7006;true;2400;1845
insert;68358;true;2100;1429
insert;74128;true;3400;1996
insert;78250;true;4300;2459
insert;60251;true;1300;514
insert;29327;true;1000;44
insert;54343;true;1500;704
insert;15106;true;4100;2662
insert;19134;true;5000;3049
insert;6799;true;2600;1822
insert;79653;true;4600;2570
insert;92630;true;3600;2272
insert;66711;true;1700;1251
insert;19747;true;4900;3115
insert;45143;true;1400;475
insert;70159;true;2300;1612
insert;4776;true;1800;1624
insert;8889;true;2300;2051
insert;32760;true;900;37
insert;26324;true;800;83
insert;9752;true;2800;2136
insert;11198;true;3100;2293
insert;66105;true;1700;1185
insert;78475;true;3700;2488
insert;45335;true;1500;498
insert;8538;true;2500;2016
insert;99351;true;6100;3031
insert;75612;true;3500;2193
insert;27449;true;1000;126
insert;11107;true;2900;2287
insert;23606;true;900;37
insert;24373;true;3900;82
insert;60648;true;1500;571
insert;60687;true;1200;574
insert;13282;true;3800;2508
insert;6877;true;2200;1847
insert;99676;true;5400;3064
insert;77689;true;4100;2416
insert;16327;true;5000;2816
insert;84702;true;2000;1495
insert;20496;true;5100;3225
insert;51256;true;800;383
insert;30741;true;1600;52
insert;31870;true;1100;161
insert;73816;true;2600;1979
insert;7634;true;2100;1934
insert;1943;true;1100;1333
insert;61835;true;1900;683
insert;11132;true;2500;2302
insert;36930;true;1300;41
insert;4626;true;1600;1621
insert;26933;true;1100;111
insert;60664;true;1200;576
insert;98023;true;4700;2890
insert;78155;true;4100;2476
insert;44107;true;1300;371
insert;41435;true;1100;211
insert;11449;true;3900;2346
insert;29686;true;800;58
insert;22640;true;900;152
insert;54931;true;1800;786
insert;47472;true;900;269
insert;83881;true;1600;1411
insert;5811;true;2100;1749
insert;50839;true;1900;644
insert;56288;true;1400;913
insert;79142;true;4400;2565
insert;89837;true;2800;2036
insert;68518;true;2000;1458
insert;13752;true;3900;2568
insert;90746;true;3200;2115
insert;10443;true;3100;2233
insert;5586;true;1900;1724
insert;18806;true;4600;3083
insert;53682;true;1300;646
insert;25966;true;4100;114
insert;84242;true;1500;1450
insert;6261;true;1900;1804
insert;53784;true;1300;657
insert;12203;true;3500;2451
insert;4274;true;1500;1586
insert;17361;true;3800;2963
insert;58334;true;900;337
insert;61365;true;1400;648
insert;12515;true;3300;2482
insert;61581;true;1500;667
insert;97762;true;4400;2885
insert;65758;true;1500;1161
insert;95841;true;3700;2682
insert;58859;true;1000;402
insert;86988;true;1800;1741
insert;21094;true;5000;3341
insert;60183;true;1200;517
insert;25704;true;900;110
insert;67178;true;1300;1306
insert;65762;true;1200;1167
insert;84252;true;1300;1456
insert;87828;true;1800;1831
insert;82644;true;1100;1284
insert;22180;true;700;107
insert;77870;true;3500;2456
insert;51664;true;800;438
insert;88478;true;2100;1915
insert;71655;true;2000;1767
insert;86056;true;1500;1646
insert;7299;true;1900;1922
insert;25223;true;1300;91
insert;72560;true;2300;1876
insert;76209;true;2800;2287
insert;7167;true;2000;1909
insert;59337;true;1000;450
insert;26206;true;800;88
insert;19083;true;3900;3128
insert;95960;true;3300;2723
insert;43551;true;1000;332
insert;75829;true;2800;2240
insert;37494;true;1100;57
insert;99685;true;4200;3112
insert;77534;true;3600;2431
insert;92707;true;3200;2323
insert;45673;true;1500;547
insert;60065;true;1000;511
insert;43949;true;900;372
insert;16994;true;3900;2937
insert;95409;true;16000;2660
insert;96488;true;3400;2777
insert;30569;true;1100;69
insert;7297;true;2000;1928
insert;63020;true;1900;832
insert;50025;true;1500;547
insert;59407;true;900;459
insert;52809;true;1100;563
insert;73358;true;2500;1936
insert;59144;true;1000;442
insert;96605;true;3900;2792
insert;3663;true;1500;1539
insert;47178;true;900;252
insert;96090;true;3800;2747
insert;33842;true;1200;87
insert;56592;true;2200;960
insert;14578;true;985000;2690
insert;99259;true;10500;3086
insert;76104;true;6800;2285
insert;67270;true;1900;1324
insert;93699;true;3900;2453
insert;43613;true;1400;343
insert;78664;true;4900;2563
insert;12867;true;4000;2533
insert;578;true;1000;1208
insert;81352;true;1300;1152
insert;75744;true;3300;2246
insert;22117;true;1000;96
insert;75965;true;3600;2271
insert;76424;true;3300;2332
insert;45743;true;1700;566
insert;95507;true;3600;2687
insert;51583;true;1100;431
insert;38818;true;900;92
insert;63183;true;2700;856
insert;800;true;1100;1235
insert;29979;true;1200;61
insert;54551;true;2000;754
insert;75995;true;3200;2283
insert;88343;true;2500;1914
insert;57330;true;2300;1053
insert;42629;true;900;255
insert;94664;true;3800;2573
insert;29622;true;12500;73
insert;7998;true;2800;2024
insert;32349;true;1000;74
insert;75;true;1000;1175
insert;8987;true;2900;2130
insert;75699;true;4100;2244
insert;11137;true;3300;2361
insert;51270;true;1000;396
insert;28757;true;900;43
insert;17728;true;6100;3042
insert;25232;true;1500;96
insert;79706;true;5300;2659
insert;59914;true;1500;508
insert;674;true;1100;1233
insert;19146;true;5700;3182
insert;79785;true;5000;2668
insert;9875;true;3000;2225
insert;81617;true;1200;1188
insert;81311;true;900;1155
insert;28779;true;800;50
insert;17590;true;4800;3040
insert;61698;true;1900;707
insert;28029;true;1500;187
insert;8433;true;2300;2083
insert;57104;true;2400;1031
insert;55057;true;1700;832
insert;12495;true;3300;2526
insert;55403;true;1900;871
insert;49581;true;1800;511
insert;88005;true;2700;1872
insert;8190;true;2700;2057
insert;1750;true;1700;1358
insert;96874;true;4300;2849
insert;85833;true;1700;1642
insert;51900;true;1000;472
insert;17879;true;4500;3075
insert;2809;true;1200;1470
insert;1631;true;1000;1351
insert;98017;true;4400;2977
insert;85281;true;1800;1604
insert;35282;true;1200;60
insert;80422;true;3800;2719
insert;18736;true;4100;3168
insert;59293;true;1000;458
insert;61816;true;1500;723
insert;32253;true;800;71
insert;27259;true;700;110
insert;62772;true;1600;832
insert;50629;true;1700;628
insert;53226;true;1300;623
insert;55742;true;1600;906
insert;77288;true;3600;2430
insert;52343;true;1200;525
insert;71595;true;2500;1771
insert;50032;true;1200;557
insert;31231;true;1200;88
insert;77065;true;4100;2414
insert;94164;true;3800;2529
insert;96364;true;4000;2806
insert;46197;true;2200;610
insert;65908;true;1400;1205
insert;59634;true;1200;489
insert;27795;true;1000;161
insert;87210;true;2200;1801
insert;31892;true;900;50
insert;41657;true;1100;236
insert;11149;true;3100;2391
insert;52757;true;1200;578
insert;71104;true;2100;1726
insert;3128;true;1500;1514
insert;16492;true;4100;2957
insert;10035;true;3100;2264
insert;85450;true;1800;1622
insert;13748;true;3800;2665
insert;48545;true;1300;378
insert;55878;true;1800;919
insert;6283;true;2100;1864
insert;92429;true;3400;2337
insert;40049;true;1200;120
insert;14299;true;3600;2741
insert;41866;true;1300;277
insert;74020;true;168900;2053
insert;20781;true;12600;3416
insert;25141;true;1500;85
insert;52095;true;2200;498
insert;75308;true;6000;2220
insert;40224;true;6100;135
insert;54886;true;5700;827
insert;57723;true;4100;1138
insert;33691;true;1400;62
insert;41701;true;2000;252
insert;8745;true;10300;2149
insert;20333;true;11400;3360
insert;93389;true;11300;2454
insert;74419;true;9000;2115
insert;49626;true;2700;523
insert;42519;true;1700;334
insert;3232;true;1700;1543
insert;80090;true;7500;2718
insert;17848;true;5800;3110
insert;83823;true;1800;1449
insert;87668;true;2500;1866
insert;42013;true;1200;300
insert;86231;true;2300;1701
insert;20179;true;6300;3347
insert;85710;true;2100;1656
insert;45711;true;3100;569
insert;71028;true;2600;1731
insert;81728;true;1200;1223
insert;51102;true;2200;684
insert;26928;true;1300;112
insert;54769;true;2200;811
insert;49684;true;1300;535
insert;57249;true;2600;1084
insert;11839;true;3800;2498
insert;1630;true;1200;1367
insert;54481;true;1600;777
insert;32927;true;16600;62
insert;70606;true;2500;1698
insert;32569;true;1100;41
insert;55912;true;2000;940
insert;95114;true;5900;2696
insert;40296;true;1300;146
insert;92416;true;3900;2355
insert;21601;true;6800;3520
insert;51258;true;1000;413
insert;33603;true;1000;59
insert;82593;true;1500;1316
insert;79418;true;5000;2675
insert;98465;true;7100;3077
insert;82902;true;329800;1362
insert;68294;true;4900;1474
insert;66335;true;1500;1255
insert;47499;true;1300;286
insert;98404;true;16300;3075
insert;46739;true;4500;652
insert;12638;true;9700;2595
insert;19960;true;7700;3338
insert;8507;true;2800;2135
insert;30814;true;1600;69
insert;11357;true;3600;2454
insert;81666;true;1200;1224
insert;94766;true;4700;2659
insert;20204;true;6400;3371
insert;36527;true;2000;121
insert;58439;true;1600;374
insert;22151;true;1300;101
insert;2200;true;1400;1438
insert;4746;true;1900;1721
insert;5903;true;2200;1848
insert;4510;true;1800;1691
insert;73737;true;8000;2036
insert;19098;true;4800;3264
insert;56064;true;4200;956
insert;80107;true;6800;2745
insert;21779;true;6200;3569
insert;42248;true;626700;313
insert;12272;true;11900;2580
insert;37988;true;13700;97
insert;55883;true;4800;943
insert;8224;true;3600;2119
insert;10088;true;4000;2318
insert;80018;true;11700;2734
insert;18936;true;8100;3263
insert;79807;true;10100;2717
insert;57138;true;3600;1086
insert;22864;true;1800;190
insert;15586;true;5300;2920
insert;871;true;1200;1301
insert;37660;true;1500;65
insert;50539;true;3000;635
insert;48061;true;1100;338
insert;54680;true;1900;811
insert;88753;true;6100;2030
insert;69275;true;2700;1596
insert;56641;true;2700;1034
insert;21128;true;7200;3524
insert;65510;true;1600;1183
insert;31202;true;2200;85
insert;24136;true;1400;51
insert;76775;true;4600;2434
insert;58734;true;1800;411
insert;6162;true;2600;1893
insert;37709;true;1100;67
insert;74974;true;4200;2225
insert;70835;true;2700;1738
insert;11873;true;4500;2546
insert;39285;true;1500;64
insert;49289;true;1800;501
insert;39568;true;1100;89
insert;90863;true;4500;2219
insert;19226;true;6300;3317
insert;51328;true;1100;431
insert;65799;true;1700;1215
insert;46773;true;2900;655
insert;39231;true;1000;54
insert;21639;true;7300;3584
insert;52553;true;1500;576
insert;1923;true;1600;1427
insert;99700;true;8500;3240
insert;61411;true;2600;692
insert;8965;true;3400;2222
insert;94489;true;4800;2627
insert;3813;true;2100;1645
insert;12500;true;4500;2630
insert;12367;true;4500;2621
insert;14207;true;5000;2810
insert;43453;true;1300;336
insert;26372;true;11300;125
insert;50327;true;2200;616
insert;64390;true;1500;1084
insert;84111;true;2000;1508
insert;65566;true;1600;1197
insert;76670;true;5500;2436
insert;8086;true;3200;2131
insert;33716;true;1500;72
insert;41588;true;1800;238
insert;11575;true;4300;2530
insert;90222;true;3700;2179
insert;30115;true;1600;73
insert;17995;true;6100;3211
insert;42407;true;1500;335
insert;51465;true;1000;449
insert;80633;true;6400;2827
insert;88067;true;3300;1938
insert;68957;true;2400;1580
insert;60585;true;2400;611
insert;76613;true;4800;2429
insert;97559;true;6100;3005
insert;74164;true;3900;2122
insert;32512;true;1400;40
insert;42548;true;1200;349
insert;87217;true;2600;1848
insert;56143;true;3000;984
insert;24092;true;7900;70
insert;68968;true;2500;1585
insert;22613;true;1400;159
insert;16739;true;7100;3086
insert;51524;true;1100;459
insert;59757;true;1500;512
insert;87471;true;3300;1879
insert;13963;true;4600;2789
insert;57750;true;3100;1186
insert;26866;true;1100;113
insert;98716;true;6500;3144
insert;34363;true;6400;57
insert;83185;true;1900;1417
insert;69271;true;2400;1622
insert;96338;true;4900;2884
insert;28192;true;2200;218
insert;52776;true;1400;613
insert;77261;true;4900;2511
insert;60671;true;1900;629
insert;64748;true;1300;1120
insert;89477;true;3300;2117
insert;7369;true;3100;2056
insert;41767;true;1400;273
insert;53759;true;1700;724
insert;67325;true;2000;1389
insert;16119;true;5100;3019
insert;5707;true;2600;1866
insert;74159;true;3700;2136
insert;11205;true;3800;2499
insert;80617;true;5400;2855
insert;55463;true;2200;939
insert;83937;true;1900;1504
insert;58525;true;1100;396
insert;8461;true;3200;2186
insert;833;true;1200;1319
insert;45564;true;2100;545
insert;43772;true;1200;366
insert;93100;true;4200;2477
insert;53066;true;1300;650
insert;75398;true;3800;2296
insert;18924;true;6300;3330
insert;77637;true;4900;2577
insert;6341;true;2700;1951
insert;25710;true;1100;116
insert;29384;true;1100;47
insert;23059;true;1400;216
insert;66283;true;1700;1290
insert;78238;true;4400;2651
insert;17624;true;5700;3210
insert;91836;true;3900;2338
insert;93385;true;4300;2527
insert;74746;true;3500;2248
insert;22052;true;1100;93
insert;28065;true;1400;199
insert;11174;true;4000;2501
insert;29850;true;1300;55
insert;29671;true;900;59
insert;73104;true;3200;2025
insert;63601;true;1100;1030
insert;76502;true;4400;2459
insert;87673;true;2900;1920
insert;88382;true;3000;2015
insert;92766;true;4200;2458
insert;39177;true;1200;51
insert;74137;true;3600;2148
insert;13814;true;4600;2788
insert;7771;true;3100;2121
insert;35920;true;1300;59
insert;42646;true;1000;265
insert;43167;true;1100;320
insert;91486;true;3800;2313
insert;47297;true;1200;279
insert;2530;true;1800;1524
insert;68593;true;2500;1561
insert;34511;true;5400;56
insert;31795;true;1600;164
insert;79887;true;5400;2812
insert;56647;true;2900;1065
insert;47191;true;1601600;268
insert;8475;true;9900;2209
insert;51614;true;2200;490
insert;29490;true;15900;67
insert;45128;true;3200;509
insert;74463;true;8500;2211
insert;62871;true;4100;865
insert;74610;true;3900;2240
insert;56281;true;3700;1025
insert;17666;true;8100;3232
insert;4001;true;1700;1693
insert;11791;true;3500;2594
insert;1169;true;1000;1389
insert;21130;true;7200;3624
insert;37655;true;1600;66
insert;46738;true;2200;672
insert;30772;true;1300;60
insert;96064;true;10400;2888
insert;59652;true;1300;506
insert;9439;true;3000;2323
insert;66242;true;1600;1303
insert;92016;true;3700;2377
insert;30293;true;1100;71
insert;62036;true;1700;779
insert;18997;true;5300;3376
insert;96309;true;5000;2916
insert;40967;true;1100;180
insert;73282;true;3100;2044
insert;4238;true;4100;1723
insert;40941;true;900;177
insert;92867;true;3900;2475
insert;13960;true;4600;2844
insert;27184;true;1500;115
insert;37882;true;24200;101
insert;38966;true;1400;103
insert;22741;true;1500;182
insert;76522;true;5100;2485
insert;30916;true;900;87
insert;42377;true;1600;338
insert;29403;true;4100;68
insert;5390;true;2100;1861
insert;38056;true;1000;76
insert;805;true;900;1332
insert;19958;true;6200;3497
insert;66378;true;1500;1320
insert;65145;true;1100;1185
insert;1727;true;1200;1446
insert;16399;true;4700;3125
insert;91551;true;3700;2326
insert;71383;true;2700;1848
insert;31909;true;1400;53
insert;65981;true;1400;1281
insert;672;true;1000;1322
insert;50278;true;2900;621
insert;2814;true;1600;1575
insert;56739;true;3700;1080
insert;12980;true;4100;2776
insert;82202;true;1200;1311
insert;74699;true;3700;2280
insert;30661;true;1000;94
insert;34192;true;1200;40
insert;7535;true;2500;2125
insert;24148;true;800;52
insert;74071;true;3300;2165
insert;52034;true;1000;525
insert;670;true;1000;1326
insert;75447;true;3800;2360
insert;68787;true;2000;1611
insert;35482;true;3900;92
insert;96879;true;6100;2992
insert;16610;true;5400;3167
insert;74004;true;2900;2162
insert;78622;true;4500;2751
insert;83916;true;1800;1521
insert;27991;true;1600;194
insert;42062;true;1300;323
insert;98459;true;6100;3176
insert;47706;true;900;320
insert;72673;true;3000;2026
insert;90426;true;3100;2247
insert;1218;true;1500;1418
insert;41421;true;1000;230
insert;98204;true;5000;3158
insert;85417;true;1800;1689
insert;19277;true;5700;3461
insert;3592;true;1700;1684
insert;50503;true;1700;653
insert;64282;true;1100;1119
insert;25784;true;1100;102
insert;11051;true;3500;2547
insert;9044;true;3200;2330
insert;24988;true;1000;106
insert;66387;true;1600;1342
insert;84923;true;1800;1634
insert;50387;true;1600;644
insert;48588;true;900;415
insert;13946;true;4700;2885
insert;67686;true;2000;1489
insert;17111;true;4800;3232
insert;91218;true;2900;2311
insert;85977;true;2100;1748
insert;79348;true;4400;2832
insert;99295;true;4900;3295
insert;29729;true;1200;71
insert;92104;true;2900;2416
insert;42635;true;1100;269
insert;12218;true;3600;2713
insert;92293;true;3400;2439
insert;27899;true;160200;181
insert;66451;true;19200;1357
insert;37752;true;2500;70
insert;69801;true;11900;1744
insert;12017;true;12200;2686
insert;49491;true;16000;538
insert;88964;true;19400;2122
insert;62610;true;1137500;844
insert;72676;true;67900;2045
insert;23167;true;2100;34
insert;10880;true;7100;2537
insert;68775;true;2800;1630
insert;97511;true;11200;3091
insert;8988;true;3200;2326
insert;57431;true;4800;1180
insert;98355;true;5100;3196
insert;91558;true;3600;2361
insert;40056;true;1400;125
insert;43930;true;1900;400
insert;68916;true;830000;1647
insert;13885;true;10500;2889
insert;93580;true;8600;2610
insert;33017;true;1900;44
insert;56918;true;4700;1107
insert;30398;true;1600;61
insert;1249;true;1600;1434
insert;23029;true;2800;219
insert;696;true;1300;1353
insert;58653;true;1400;415
insert;11786;true;4300;2662
insert;28277;true;2400;242
insert;92725;true;4500;2501
insert;36766;true;1700;50
insert;69939;true;2104700;1764
insert;93360;true;9500;2594
insert;92908;true;4500;2527
insert;68953;true;3400;1657
insert;48427;true;1900;389
insert;46002;true;3700;633
insert;40007;true;1200;112
insert;73598;true;5100;2142
insert;42392;true;2200;353
insert;8059;true;6300;2219
insert;24102;true;14700;71
insert;55885;true;4100;988
insert;42016;true;1400;324
insert;26153;true;1300;90
insert;327;true;900;1312
insert;16094;true;7100;3145
insert;44881;true;1400;482
insert;65105;true;1400;1205
insert;65752;true;1300;1276
insert;20393;true;7800;3642
insert;84066;true;2400;1558
insert;74480;true;3900;2291
insert;51242;true;1000;433
insert;94166;true;4600;2697
insert;84164;true;1700;1572
insert;76722;true;4700;2592
insert;38629;true;1200;90
insert;35833;true;1600;95
insert;44260;true;1200;433
insert;12878;true;3700;2811
insert;39396;true;1100;80
insert;66510;true;1500;1381
insert;9364;true;2600;2380
insert;81514;true;1200;1263
insert;23043;true;2100;224
insert;43196;true;1100;334
insert;64079;true;1200;1112
insert;66155;true;1500;1329
insert;84997;true;1800;1674
insert;28024;true;1900;201
insert;89333;true;2800;2171
insert;41229;true;900;215
insert;17249;true;4900;3289
insert;68089;true;2200;1568
insert;18446;true;5100;3424
insert;5786;true;2100;1961
insert;10247;true;3200;2486
insert;66606;true;1700;1405
insert;1227;true;1100;1451
insert;59797;true;2000;534
insert;31277;true;2900;97
insert;75708;true;3500;2468
insert;31371;true;1100;118
insert;1873;true;1500;1516
insert;10192;true;3000;2491
insert;39170;true;900;53
insert;83424;true;1900;1492
insert;49181;true;2100;504
insert;14639;true;4300;3022
insert;57984;true;900;331
insert;23118;true;1000;237
insert;86248;true;2100;1809
insert;3308;true;1700;1685
insert;11557;true;3400;2672
insert;34964;true;2000;52
insert;55024;true;2500;904
insert;45053;true;1700;511
insert;59468;true;1300;502
insert;26831;true;2000;114
insert;63351;true;900;1043
insert;12806;true;3500;2835
insert;47887;true;1200;343
insert;91479;true;3100;2378
insert;67191;true;1600;1464
insert;65210;true;1300;1237
insert;69774;true;2600;1788
insert;26855;true;1100;117
insert;13694;true;3900;2916
insert;60057;true;1200;565
insert;29743;true;1500;73
insert;86945;true;2600;1895
insert;43375;true;1100;342
insert;85127;true;2300;1698
insert;97138;true;7400;3091
insert;20543;true;8200;3697
insert;74174;true;4900;2269
insert;74804;true;4400;2384
insert;3750;true;2200;1750
insert;94352;true;4900;2758
insert;105;true;1300;1311
insert;65550;true;1300;1279
insert;16869;true;4600;3286
insert;19567;true;5700;3589
insert;71321;true;3400;1924
insert;64871;true;1300;1207
insert;21628;true;6100;3834
insert;38639;true;1200;93
insert;98538;true;6500;3275
insert;78144;true;5200;2802
insert;96089;true;4500;2992
insert;76403;true;4400;2585
insert;18883;true;5900;3507
insert;87111;true;2700;1923
insert;70147;true;2400;1838
insert;14516;true;4300;3032
insert;56878;true;2800;1113
insert;478;true;1200;1343
insert;90562;true;3200;2324
insert;34268;true;1200;33
insert;27053;true;1100;109
insert;7477;true;2500;2194
insert;92232;true;3400;2489
insert;22768;true;1200;190
insert;79680;true;6200;2945
insert;26942;true;900;132
insert;2815;true;1400;1643
insert;7531;true;2600;2202
insert;4409;true;1900;1833
insert;90469;true;3200;2314
insert;88895;true;2800;2157
insert;56804;true;2000;1104
insert;98063;true;4900;3236
insert;67102;true;1500;1476
insert;44720;true;1600;481
insert;53743;true;1400;745
insert;60707;true;1800;658
insert;29261;true;8600;51
insert;40483;true;900;154
insert;57283;true;2800;1178
insert;67582;true;2100;1541
insert;90040;true;3100;2275
insert;42476;true;1700;375
insert;73178;true;3100;2158
insert;87524;true;2400;1978
insert;47041;true;2700;724
insert;42944;true;700;303
insert;88040;true;2700;2043
insert;88763;true;2800;2152
insert;49127;true;1500;502
insert;70333;true;2500;1871
insert;23353;true;1300;49
insert;37428;true;4300;84
insert;13437;true;4200;2922
insert;20656;true;6000;3753
insert;88883;true;2900;2169
insert;53454;true;1600;715
insert;4967;true;2100;1910
insert;3559;true;1600;1745
insert;85951;true;2100;1796
insert;57445;true;2600;1214
insert;28747;true;1100;45
insert;26358;true;1000;89
insert;35864;true;1000;104
insert;33156;true;1000;62
insert;8431;true;2900;2330
insert;47466;true;900;301
insert;88668;true;2800;2137
insert;42067;true;1600;340
insert;83712;true;1500;1544
insert;17937;true;5100;3449
insert;11701;true;3600;2724
insert;90559;true;2900;2357
insert;84458;true;1700;1638
insert;12421;true;4000;2829
insert;66308;true;1600;1382
insert;93015;true;4200;2627
insert;19936;true;20500;3676
insert;89933;true;3600;2294
insert;6531;true;3000;2103
insert;45807;true;2000;634
insert;64981;true;1400;1231
insert;56124;true;2400;1031
insert;84319;true;1900;1633
insert;51749;true;1100;524
insert;53969;true;1800;779
insert;78505;true;5300;2862
insert;66163;true;1400;1367
insert;99820;true;6100;3498
insert;88875;true;35400;2189
insert;87105;true;2800;1952
insert;77006;true;7900;2690
insert;60547;true;2300;633
insert;607;true;2400;1382
insert;19879;true;10600;3675
insert;23364;true;900;52
insert;94788;true;5800;2887
insert;24000;true;1200;46
insert;10526;true;3400;2592
insert;7784;true;2600;2267
insert;18442;true;173900;3520
insert;65917;true;2400;1345
insert;22497;true;1300;159
insert;25509;true;1300;103
insert;18332;true;6500;3509
insert;16988;true;5900;3362
insert;24571;true;2000;69
insert;56992;true;3300;1152
insert;79273;true;6800;2944
insert;48218;true;1300;382
insert;38003;true;1400;76
insert;64959;true;1500;1235
insert;68870;true;2500;1716
insert;11009;true;4300;2661
insert;70197;true;2600;1879
insert;73696;true;3700;2254
insert;24292;true;1200;55
insert;22475;true;900;160
insert;26104;true;1100;145
insert;11069;true;4100;2670
insert;84754;true;2400;1686
insert;79822;true;5900;3005
insert;61691;true;2300;764
insert;36101;true;1200;82
insert;8367;true;3300;2345
insert;75775;true;4500;2554
insert;16950;true;6000;3366
insert;75171;true;4400;2481
insert;58782;true;1200;437
insert;21630;true;7800;3921
insert;73227;true;3700;2194
insert;30874;true;1500;82
insert;79191;true;5600;2965
insert;29833;true;21500;88
insert;66091;true;5800;1378
insert;72156;true;3300;2081
insert;97399;true;8800;3195
insert;16072;true;6000;3256
insert;65683;true;1600;1332
insert;8102;true;3500;2317
insert;92010;true;4500;2520
insert;94366;true;5300;2835
insert;56843;true;3100;1127
insert;77181;true;5400;2753
insert;76028;true;4800;2610
insert;68224;true;2400;1655
insert;67533;true;2100;1572
insert;18166;true;6200;3506
insert;62787;true;3500;898
insert;35958;true;1100;67
insert;21478;true;7300;3915
insert;81578;true;1300;1306
insert;79705;true;5800;3027
insert;55309;true;2200;968
insert;17287;true;5700;3414
insert;92989;true;38400;2647
insert;82798;true;1700;1448
insert;52591;true;1600;629
insert;11812;true;19100;2785
insert;34500;true;557300;63
insert;88476;true;5300;2149
insert;80230;true;8800;3086
insert;27922;true;2000;188
insert;56376;true;3100;1076
insert;65845;true;1700;1363
insert;8162;true;4600;2326
insert;90694;true;3900;2404
insert;75617;true;4300;2560
insert;77838;true;4300;2853
insert;11419;true;3900;2743
insert;18441;true;6200;3562
insert;22154;true;1000;119
insert;66315;true;1800;1426
insert;98176;true;5900;3331
insert;38687;true;1100;98
insert;62051;true;2600;813
insert;28503;true;1400;289
insert;66943;true;1900;1511
insert;26558;true;11100;138
insert;31146;true;1200;83
insert;86366;true;2500;1882
insert;67261;true;1900;1544
insert;88173;true;2800;2113
insert;46410;true;2400;683
insert;95579;true;4800;3020
insert;21552;true;6900;3937
insert;84005;true;1700;1611
insert;13559;true;4600;2996
insert;39550;true;1400;100
insert;40829;true;1000;181
insert;96059;true;5200;3092
insert;87629;true;2800;2043
insert;84778;true;2000;1712
insert;26860;true;1300;124
insert;27133;true;4600;157
insert;91942;true;3900;2543
insert;51921;true;1400;541
insert;13466;true;4800;2991
insert;88961;true;3100;2246
insert;31721;true;1400;164
insert;18157;true;5400;3526
insert;88962;true;2700;2249
insert;92770;true;3500;2662
insert;70854;true;3200;1967
insert;26660;true;900;105
insert;28176;true;1100;236
insert;73524;true;3600;2262
insert;67275;true;1900;1551
insert;11858;true;4000;2811
insert;33422;true;1500;97
insert;89569;true;3300;2311
insert;66522;true;1800;1470
insert;70313;true;2700;1939
insert;60313;true;1600;612
insert;80262;true;5600;3122
insert;25436;true;1400;102
insert;61085;true;1800;703
insert;22072;true;1000;108
insert;17140;true;5300;3426
insert;19658;true;6200;3717
insert;41491;true;1300;256
insert;70661;true;2800;1965
insert;36573;true;7200;47
insert;13867;true;4600;3044
insert;31419;true;1200;127
insert;32721;true;3500;50
insert;74740;true;3800;2492
insert;26366;true;3400;126
insert;75233;true;3900;2545
insert;34183;true;1100;40
insert;67324;true;1900;1566
insert;87272;true;2800;2012
insert;94435;true;5000;2899
insert;20853;true;6700;3887
insert;14720;true;4800;3156
insert;19993;true;6400;3773
insert;44614;true;1500;478
insert;94966;true;4900;2972
insert;33942;true;1300;113
insert;16709;true;5200;3380
insert;92300;true;3900;2607
insert;67905;true;2000;1653
insert;83200;true;1500;1530
insert;23530;true;5400;53
insert;40126;true;1100;137
insert;2269;true;1600;1631
insert;20052;true;6200;3790
insert;82604;true;1400;1449
insert;61084;true;1700;704
insert;26495;true;1100;113
insert;89965;true;3300;2368
insert;5381;true;2400;2007
insert;88423;true;850200;2181
insert;5756;true;4600;2054
insert;29802;true;1400;60
insert;14219;true;6300;3119
insert;151;true;1100;1378
insert;92771;true;5200;2688
insert;99595;true;7200;3563
insert;66538;true;2500;1486
insert;9227;true;3300;2497
insert;74839;true;5800;2513
insert;54452;true;2600;848
insert;72110;true;3100;2136
insert;83616;true;1700;1586
insert;25006;true;1200;114
insert;47260;true;800;293
insert;87375;true;2500;2043
insert;86562;true;2300;1946
insert;95251;true;4700;3045
insert;20918;true;7100;3924
insert;70191;true;2700;1941
insert;40605;true;1100;171
insert;90200;true;3100;2412
insert;6273;true;2400;2125
insert;88687;true;3100;2229
insert;29892;true;1400;49
insert;67127;true;1800;1554
insert;66208;true;1500;1431
insert;92296;true;3900;2638
insert;75729;true;4500;2638
insert;31178;true;1100;94
insert;58750;true;1200;443
insert;92708;true;4000;2691
insert;39570;true;1200;107
insert;12133;true;4200;2888
insert;51079;true;2900;738
insert;44093;true;1600;429
insert;15578;true;4600;3275
insert;35857;true;1300;105
insert;60701;true;1900;676
insert;21929;true;7200;4056
insert;3216;true;1600;1763
insert;85592;true;2300;1840
insert;57366;true;3300;1229
insert;61258;true;1800;737
insert;1807;true;1400;1596
insert;69826;true;2700;1909
insert;12230;true;4100;2909
insert;80997;true;1000;1271
insert;44380;true;1300;464
insert;48016;true;1500;365
insert;53180;true;1600;710
insert;73540;true;3500;2312
insert;24349;true;11900;82
insert;74790;true;3800;2531
insert;60140;true;1500;592
insert;40627;true;1000;174
insert;8037;true;3200;2354
insert;8121;true;3000;2371
insert;90005;true;3500;2400
insert;61875;true;1900;819
insert;13983;true;4800;3116
insert;20431;true;6500;3893
insert;69475;true;2700;1870
insert;2972;true;1700;1732
insert;23561;true;1000;37
insert;95547;true;5400;3107
insert;26467;true;1100;114
insert;77458;true;5000;2873
insert;10524;true;3500;2673
insert;31783;true;1100;183
insert;85303;true;1700;1816
insert;10502;true;3400;2670
insert;71231;true;3000;2050
insert;67236;true;1900;1575
insert;43911;true;1400;417
insert;94447;true;4300;2957
insert;21022;true;6300;3979
insert;16249;true;5100;3392
insert;43049;true;1100;328
insert;29858;true;1300;70
insert;17900;true;5400;3591
insert;4803;true;2200;1978
insert;46531;true;2300;715
insert;14020;true;4300;3139
insert;271;true;900;1410
insert;42846;true;900;304
insert;69201;true;2500;1842
insert;16218;true;4900;3397
insert;17949;true;5600;3614
insert;70409;true;2600;1991
insert;10828;true;3600;2723
insert;70273;true;2700;1978
insert;86451;true;2700;1952
insert;6637;true;2600;2202
insert;81058;true;1100;1281
insert;80025;true;5700;3167
insert;32044;true;1200;58
insert;97143;true;5600;3304
insert;50152;true;1900;640
insert;95663;true;4900;3133
insert;39883;true;1000;102
insert;92536;true;3900;2694
insert;3989;true;1900;1883
insert;75437;true;4100;2620
insert;17918;true;5400;3618
insert;59700;true;1500;548
insert;97127;true;5000;3307
insert;46790;true;2100;737
insert;98325;true;5200;3474
insert;14204;true;4300;3181
insert;22696;true;1400;193
insert;84310;true;1900;1705
insert;62175;true;2400;851
insert;51819;true;1500;541
insert;84604;true;2000;1740
insert;35636;true;1500;77
insert;28946;true;1100;70
insert;39532;true;1400;102
insert;53719;true;2000;770
insert;90761;true;3300;2507
insert;7589;true;2800;2324
insert;40465;true;1000;157
insert;92798;true;4000;2752
insert;84211;true;1700;1691
insert;93809;true;4200;2896
insert;70981;true;2900;2043
insert;94406;true;4200;2979
insert;36756;true;1600;52
insert;56077;true;2400;1055
insert;34209;true;900;46
insert;5580;true;2300;2075
insert;16587;true;5500;3468
insert;88751;true;3000;2286
insert;79391;true;19500;3114
insert;89701;true;3000;2403
insert;45254;true;2500;580
insert;60024;true;1300;582
insert;84087;true;1600;1682
insert;99338;true;9100;3631
insert;65822;true;1600;1395
insert;19403;true;6700;3815
insert;32869;true;8400;58
insert;34124;true;1100;139
insert;40998;true;1000;216
insert;89330;true;2900;2360
insert;12214;true;4100;2954
insert;28933;true;2200;71
insert;19048;true;5700;3765
insert;33831;true;800;95
insert;19439;true;5300;3826
insert;7799;true;2700;2371
insert;30361;true;1300;58
insert;40554;true;1000;173
insert;27238;true;1100;119
insert;5774;true;2400;2114
insert;366;true;1100;1439
insert;63735;true;1100;1168
insert;21589;true;7000;4114
insert;99705;true;5800;3687
insert;22828;true;1300;212
insert;57247;true;2800;1220
insert;18045;true;5300;3663
insert;58059;true;1100;359
insert;69265;true;2600;1871
insert;55639;true;1900;1017
insert;82870;true;1400;1530
insert;14667;true;4700;3260
insert;87353;true;2500;2099
insert;94251;true;4000;2976
insert;94475;true;4200;3019
insert;62619;true;2400;918
insert;56547;true;2100;1126
insert;7141;true;2400;2285
insert;90758;true;3400;2536
insert;28108;true;1300;230
insert;57199;true;2300;1221
insert;92643;true;3300;2749
insert;99054;true;5000;3614
insert;30849;true;1200;79
insert;72471;true;3400;2244
insert;17696;true;5200;3630
insert;41695;true;1300;304
insert;76837;true;5300;2847
insert;72198;true;3500;2196
insert;48134;true;1300;381
insert;64093;true;1200;1213
insert;31595;true;1100;166
insert;57307;true;2700;1244
insert;17933;true;5600;3663
insert;80160;true;5600;3218
insert;19109;true;6100;3806
insert;42257;true;1400;375
insert;92067;true;4000;2681
insert;2364;true;1500;1699
insert;12332;true;3700;2992
insert;8939;true;3100;2539
insert;46766;true;2400;739
insert;35835;true;1400;100
insert;52529;true;1400;631
insert;6269;true;2600;2192
insert;92442;true;4000;2734
insert;34376;true;6500;55
insert;39618;true;900;81
insert;45964;true;1800;680
insert;5990;true;2500;2157
insert;92324;true;4200;2715
insert;90205;true;3700;2486
insert;8693;true;3500;2520
insert;58202;true;1000;377
insert;86450;true;2500;1995
insert;46487;true;1900;723
insert;18809;true;6400;3787
insert;61176;true;1900;742
insert;76297;true;4800;2777
insert;7726;true;3500;2388
insert;4151;true;1600;1939
insert;83945;true;1700;1682
insert;11208;true;3900;2852
insert;51293;true;900;474
insert;57501;true;2800;1287
insert;75026;true;4500;2612
insert;1145;true;1300;1579
insert;49476;true;1600;568
insert;81516;true;1200;1383
insert;16960;true;5800;3568
insert;22012;true;1500;105
insert;11397;true;3700;2881
insert;32078;true;1400;67
insert;32267;true;700;86
insert;68308;true;2100;1755
insert;59654;true;1300;551
insert;1380;true;1300;1610
insert;16583;true;4500;3533
insert;273;true;900;1452
insert;4025;true;1800;1937
insert;74948;true;3800;2606
insert;38480;true;800;77
insert;34478;true;4300;61
insert;20758;true;6300;4082
insert;4097;true;2000;1947
insert;23661;true;900;41
insert;54349;true;1500;858
insert;40005;true;1000;120
insert;90703;true;3700;2552
insert;2775;true;1600;1774
insert;16941;true;4900;3587
insert;91232;true;3300;2595
insert;3369;true;1700;1856
insert;17197;true;4700;3631
insert;71108;true;2700;2077
insert;17711;true;5000;3700
insert;71670;true;3000;2160
insert;45544;true;1500;616
insert;52462;true;1200;627
insert;24666;true;11400;123
insert;63637;true;1100;1175
insert;45822;true;1700;667
insert;99059;true;6600;3644
insert;66931;true;1800;1574
insert;28443;true;1700;291
insert;56458;true;2200;1132
insert;61554;true;1500;796
insert;95089;true;4100;3157
insert;29414;true;1100;53
insert;96776;true;4800;3362
insert;46412;true;1700;720
insert;294;true;900;1467
insert;5853;true;2400;2180
insert;57421;true;2900;1285
insert;57059;true;2000;1220
insert;18834;true;5300;3847
insert;58976;true;1200;489
insert;17659;true;5200;3704
insert;74635;true;3600;2569
insert;58109;true;700;376
insert;65311;true;1200;1356
insert;17631;true;31500;3703
insert;97782;true;8900;3499
insert;95360;true;8100;3190
insert;50446;true;2900;691
insert;78811;true;8300;3115
insert;3700;true;2300;1920
insert;44247;true;1200;469
insert;87126;true;2600;2091
insert;43124;true;900;352
insert;72086;true;2600;2214
insert;8392;true;3100;2529
insert;17555;true;6000;3696
insert;61289;true;1900;777
insert;82055;true;1300;1458
insert;35103;true;5700;82
insert;78589;true;5500;3095
insert;79052;true;5700;3142
insert;80531;true;6100;3301
insert;81526;true;1200;1395
insert;27488;true;1100;148
insert;61929;true;1700;858
insert;88952;true;2600;2364
insert;38948;true;1200;114
insert;46979;true;1800;777
insert;6226;true;2500;2239
insert;52821;true;1200;691
insert;57304;true;2400;1268
insert;75753;true;3700;2738
insert;16259;true;4800;3534
insert;61390;true;1600;791
insert;23821;true;3400;65
insert;76009;true;3700;2781
insert;73523;true;3300;2382
insert;90345;true;3200;2527
insert;45520;true;1400;622
insert;45695;true;1500;659
insert;4698;true;2000;2051
insert;47056;true;1600;798
insert;70449;true;2600;2045
insert;85010;true;2200;1850
insert;29382;true;1100;50
insert;85285;true;2000;1885
insert;83914;true;1500;1700
insert;72035;true;3400;2220
insert;32265;true;1300;87
insert;41818;true;1600;332
insert;24534;true;1000;69
insert;5639;true;2100;2164
insert;58505;true;1200;438
insert;28720;true;1100;48
insert;75655;true;3700;2727
insert;21876;true;6800;4279
insert;505;true;1100;1494
insert;62322;true;1900;911
insert;23553;true;19900;54
insert;30030;true;1000;72
insert;57789;true;2600;1341
insert;93061;true;4300;2877
insert;46621;true;2000;761
insert;86206;true;2400;1988
insert;38943;true;1000;115
insert;57881;true;2400;1345
insert;53517;true;1400;775
insert;25385;true;1300;103
insert;56587;true;2300;1162
insert;47053;true;1600;802
insert;15376;true;5300;3435
insert;10454;true;3900;2798
insert;17832;true;6600;3755
insert;70063;true;2600;2002
insert;63954;true;1100;1225
insert;19798;true;6000;4012
insert;75718;true;4500;2750
insert;84648;true;1900;1805
insert;94717;true;4300;3124
insert;52228;true;1200;605
insert;5803;true;2200;2203
insert;40620;true;900;185
insert;64680;true;1100;1297
insert;71631;true;2600;2182
insert;36804;true;900;65
insert;82319;true;1300;1491
insert;95585;true;4600;3262
insert;41625;true;1200;294
insert;6900;true;2700;2344
insert;96528;true;5100;3391
insert;66194;true;1800;1493
insert;62599;true;2200;946
insert;76168;true;4600;2832
insert;90959;true;3400;2614
insert;39987;true;1100;121
insert;36350;true;1100;112
insert;47458;true;1100;310
insert;50269;true;1800;669
insert;23992;true;1100;50
insert;5817;true;2300;2209
insert;44176;true;1300;469
insert;79128;true;5500;3195
insert;70926;true;2800;2102
insert;73480;true;3000;2405
insert;31229;true;1100;105
insert;51950;true;1100;574
insert;50141;true;1400;650
insert;71612;true;3000;2190
insert;29827;true;1000;68
insert;62671;true;2000;963
insert;91505;true;3800;2675
insert;9078;true;3500;2658
insert;41261;true;1200;253
insert;55478;true;2100;1043
insert;16727;true;5500;3621
insert;84368;true;1900;1786
insert;54617;true;1900;920
insert;26036;true;1300;142
insert;23198;true;1100;43
insert;51327;true;900;499
insert;54490;true;1700;912
insert;8970;true;3300;2638
insert;97109;true;7000;3455
insert;46171;true;2200;720
insert;36210;true;1000;99
insert;72037;true;2700;2249
insert;83871;true;1700;1704
insert;62606;true;1900;950
insert;18238;true;5400;3833
insert;49598;true;1500;591
insert;4335;true;2200;2016
insert;88097;true;2900;2261
insert;80044;true;5600;3298
insert;7488;true;2700;2435
insert;36734;true;1000;54
insert;71438;true;133700;2163
insert;69289;true;5100;1934
insert;37540;true;1800;61
insert;92836;true;8100;2876
insert;40844;true;900;210
insert;80373;true;6900;3345
insert;52608;true;1600;681
insert;93600;true;5300;2991
insert;20197;true;9500;4094
insert;46869;true;2200;789
insert;32884;true;14100;62
insert;63377;true;1100;1170
insert;30360;true;1400;59
insert;83872;true;2000;1710
insert;81537;true;1200;1419
insert;46283;true;1800;734
insert;49222;true;1800;544
insert;50461;true;1600;711
insert;12073;true;3800;3071
insert;73961;true;3600;2511
insert;48864;true;1100;496
insert;41861;true;1500;353
insert;4777;true;2100;2090
insert;74252;true;3500;2558
insert;56573;true;3000;1182
insert;37962;true;900;73
insert;60730;true;2000;723
insert;74651;true;3500;2645
insert;74977;true;3900;2700
insert;22332;true;1300;154
insert;72218;true;3000;2285
insert;34016;true;1100;136
insert;28545;true;1500;309
insert;93668;true;5100;3008
insert;53561;true;1700;803
insert;8933;true;3900;2643
insert;47345;true;1000;315
insert;69472;true;2700;1960
insert;18681;true;6900;3908
insert;7159;true;3000;2395
insert;56895;true;2800;1236
insert;65083;true;1500;1369
insert;74731;true;4300;2672
insert;25793;true;1400;113
insert;2083;true;1800;1740
insert;87115;true;2900;2141
insert;44387;true;1500;503
insert;29472;true;1700;46
insert;39381;true;1000;87
insert;87273;true;3200;2168
insert;62043;true;2400;886
insert;87425;true;3000;2191
insert;65038;true;1400;1367
insert;82489;true;1500;1536
insert;36808;true;1000;71
insert;22082;true;900;117
insert;65732;true;1600;1454
insert;3313;true;2000;1895
insert;65358;true;1600;1411
insert;52128;true;1200;611
insert;92254;true;4400;2803
insert;8534;true;3700;2608
insert;84080;true;2000;1760
insert;55233;true;3700;1038
insert;10743;true;4400;2885
insert;44285;true;1400;494
insert;92934;true;4600;2917
insert;94126;true;5100;3086
insert;70735;true;3200;2118
insert;76186;true;5300;2897
insert;98849;true;7000;3731
insert;99341;true;7100;3806
insert;75204;true;4800;2750
insert;56541;true;2700;1189
insert;99950;true;6600;3893
insert;54338;true;1800;898
insert;13670;true;5400;3276
insert;14078;true;5200;3339
insert;80029;true;6200;3351
insert;26484;true;1000;120
insert;7358;true;3100;2440
insert;63258;true;1000;1174
insert;73915;true;4000;2529
insert;79296;true;5800;3286
insert;29137;true;9400;56
insert;23537;true;4600;57
insert;85272;true;2600;1930
insert;64800;true;1400;1351
insert;13088;true;5000;3229
insert;15489;true;5800;3512
insert;12457;true;4800;3153
insert;49619;true;1800;604
insert;89904;true;3800;2545
insert;26668;true;1100;114
insert;67300;true;2000;1692
insert;39316;true;1000;82
insert;51969;true;1200;591
insert;47493;true;800;331
insert;27124;true;6200;164
insert;42206;true;1500;388
insert;9222;true;4000;2714
insert;89363;true;3900;2480
insert;57348;true;3000;1332
insert;57344;true;2900;1333
insert;17133;true;6700;3737
insert;9717;true;4100;2766
insert;81556;true;1300;1437
insert;3980;true;2200;1997
insert;83137;true;1600;1644
insert;55264;true;2200;1054
insert;30564;true;1300;80
insert;43184;true;1200;379
insert;48267;true;1300;418
insert;4681;true;2400;2096
insert;32756;true;10600;75
insert;46208;true;2100;740
insert;30139;true;1100;50
insert;61095;true;2000;759
insert;90836;true;4100;2661
insert;72089;true;3800;2307
insert;84488;true;2200;1832
insert;97659;true;6700;3617
insert;95837;true;5700;3378
insert;11707;true;4600;3047
insert;41356;true;1300;265
insert;32111;true;1000;76
insert;75930;true;5100;2872
insert;19597;true;7300;4082
insert;68295;true;2500;1837
insert;52249;true;1200;639
insert;57329;true;3000;1338
insert;49468;true;1700;593
insert;61134;true;1800;766
insert;97500;true;6100;3591
insert;3265;true;2100;1907
insert;77329;true;5400;3072
insert;18669;true;7000;3964
insert;52038;true;1100;609
insert;8598;true;3500;2643
insert;95548;true;5900;3342
insert;60081;true;1500;629
insert;30125;true;1400;49
insert;18015;true;6800;3888
insert;8547;true;3600;2641
insert;86865;true;2800;2147
insert;46727;true;2200;791
insert;64402;true;1300;1321
insert;88633;true;3300;2396
insert;81336;true;1200;1411
insert;23251;true;1000;46
insert;83601;true;1800;1716
insert;71698;true;3400;2272
insert;97200;true;5900;3565
insert;73340;true;3500;2459
insert;59917;true;1400;610
insert;4952;true;2300;2144
insert;33266;true;1900;84
insert;1867;true;1600;1735
insert;47566;true;1000;348
insert;96440;true;5300;3476
insert;92618;true;4100;2905
insert;98901;true;6100;3798
insert;37477;true;1100;59
insert;26282;true;900;106
insert;60358;true;1400;677
insert;58918;true;1100;506
insert;19005;true;7200;4024
insert;60045;true;1300;629
insert;66788;true;1900;1644
insert;23972;true;7500;77
insert;13418;true;5300;3295
insert;71493;true;3600;2233
insert;66626;true;1900;1628
insert;99971;true;7000;3957
insert;71407;true;3300;2225
insert;75863;true;5100;2888
insert;35375;true;3900;88
insert;76093;true;5000;2935
insert;5031;true;2600;2160
insert;33216;true;1000;77
insert;43224;true;1200;386
insert;20534;true;7700;4247
insert;42879;true;1000;335
insert;37604;true;800;68
insert;66729;true;1900;1646
insert;21283;true;7600;4350
insert;54664;true;2100;966
insert;18666;true;77600;3989
insert;34485;true;1300;48
insert;79445;true;8800;3349
insert;89869;true;5500;2576
insert;56520;true;3700;1207
insert;3551;true;2200;1964
insert;46990;true;3600;828
insert;69406;true;2700;2006
insert;93685;true;5200;3087
insert;98439;true;6600;3750
insert;61219;true;2100;800
insert;12912;true;4700;3259
insert;3755;true;2000;2000
insert;86928;true;2400;2169
insert;27469;true;1300;150
insert;615;true;1000;1573
insert;99686;true;5800;3918
insert;23889;true;10400;69
insert;94674;true;4900;3235
insert;26904;true;1200;144
insert;69782;true;2800;2059
insert;7071;true;3100;2440
insert;67415;true;2300;1742
insert;59759;true;1400;599
insert;99845;true;6600;3962
insert;60036;true;1500;632
insert;93888;true;5300;3131
insert;17633;true;6000;3869
insert;42835;true;1100;333
insert;85047;true;2100;1944
insert;71811;true;3300;2311
insert;7333;true;2800;2482
insert;3292;true;1700;1935
insert;16091;true;5000;3650
insert;17095;true;5400;3797
insert;41140;true;1400;246
insert;72490;true;3000;2422
insert;12683;true;4000;3250
insert;24393;true;1000;65
insert;24604;true;8900;114
insert;338;true;800;1547
insert;70440;true;2400;2147
insert;22397;true;1100;168
insert;44767;true;1500;560
insert;5040;true;2200;2188
insert;11888;true;3900;3143
insert;92470;true;3900;2909
insert;8027;true;2700;2600
insert;82994;true;1700;1652
insert;27617;true;1000;169
insert;97248;true;5500;3607
insert;71089;true;2800;2208
insert;59735;true;1100;599
insert;29367;true;900;52
insert;44944;true;1300;581
insert;83521;true;1400;1726
insert;90335;true;7400;2655
insert;31413;true;1300;134
insert;1586;true;1300;1723
insert;12601;true;4200;3254
insert;43954;true;1100;478
insert;44456;true;1100;533
insert;38235;true;1300;89
insert;602;true;1000;1583
insert;36791;true;800;66
insert;66251;true;3500;1579
insert;80425;true;6200;3484
insert;89515;true;3300;2556
insert;9636;true;3500;2834
insert;98751;true;5700;3827
insert;56629;true;2800;1234
insert;79308;true;5300;3365
insert;52590;true;1200;705
insert;44284;true;1300;516
insert;97269;true;4700;3620
insert;35234;true;7300;84
insert;19692;true;7400;4185
insert;25352;true;1400;104
insert;55876;true;2200;1124
insert;81292;true;1100;1429
insert;69783;true;2600;2074
insert;51853;true;1100;595
insert;93078;true;4400;3026
insert;16290;true;5200;3720
insert;4728;true;2000;2159
insert;50832;true;2300;785
insert;9685;true;3900;2842
insert;16781;true;5500;3793
insert;87692;true;2800;2311
insert;26401;true;1200;107
insert;23801;true;600;45
insert;71956;true;3400;2345
insert;80733;true;6100;3544
insert;93671;true;4500;3122
insert;86533;true;2400;2147
insert;83000;true;1400;1668
insert;80895;true;800;1385
insert;28320;true;1400;276
insert;16208;true;4900;3714
insert;75671;true;4300;2895
insert;53293;true;1500;796
insert;40104;true;1100;148
insert;35547;true;1300;75
insert;22743;true;1200;217
insert;13110;true;4800;3343
insert;5832;true;2500;2318
insert;74966;true;4700;2808
insert;80881;true;900;1384
insert;85513;true;1900;2035
insert;23259;true;900;49
insert;38221;true;4400;118
insert;27123;true;1000;132
insert;39627;true;700;87
insert;29428;true;900;64
insert;75222;true;3400;2839
insert;92398;true;3800;2936
insert;95117;true;5000;3377
insert;20340;true;6900;4305
insert;3619;true;1600;2012
insert;50391;true;1800;728
insert;30888;true;900;90
insert;22025;true;700;112
insert;53885;true;1400;873
insert;4735;true;1800;2171
insert;56415;true;2000;1212
insert;41586;true;1300;305
insert;83133;true;1300;1700
insert;79229;true;5000;3372
insert;20969;true;5900;4406
insert;33478;true;900;118
insert;89603;true;2900;2597
insert;12408;true;3900;3255
insert;99909;true;5600;4040
insert;52192;true;800;643
insert;28951;true;1000;79
insert;3861;true;1500;2060
insert;51933;true;900;608
insert;64272;true;1000;1333
insert;90430;true;3100;2711
insert;65337;true;1400;1460
insert;69364;true;18000;2033
insert;14883;true;14200;3577
insert;87802;true;3200;2350
insert;85033;true;2000;1983
insert;92062;true;4100;2904
insert;12564;true;5500;3286
insert;84253;true;1900;1871
insert;2686;true;1800;1883
insert;48923;true;1400;527
insert;30598;true;1000;89
insert;60970;true;2200;768
insert;14808;true;5500;3578
insert;48943;true;1300;536
insert;62271;true;2700;949
insert;99333;true;6900;3964
insert;85277;true;2200;2021
insert;49232;true;1400;573
insert;32624;true;1300;48
insert;89001;true;3200;2552
insert;69919;true;3200;2108
insert;56891;true;3300;1297
insert;79624;true;5800;3421
insert;20672;true;7500;4385
insert;94428;true;4600;3289
insert;57882;true;2800;1453
insert;48652;true;1100;488
insert;75765;true;5200;2944
insert;68010;true;2100;1847
insert;18701;true;5800;4106
insert;52569;true;1300;715
insert;16191;true;5600;3745
insert;3826;true;1900;2064
insert;51924;true;1000;612
insert;7478;true;3200;2567
insert;34655;true;1200;49
insert;55583;true;1900;1127
insert;49715;true;1400;647
insert;45232;true;1700;637
insert;77541;true;4900;3198
insert;8429;true;3200;2712
insert;62515;true;2100;986
insert;84773;true;2100;1952
insert;45331;true;1600;654
insert;66581;true;1800;1661
insert;17523;true;6200;3953
insert;7176;true;3100;2522
insert;43990;true;1200;487
insert;57121;true;2500;1350
insert;3938;true;2100;2083
insert;79955;true;6300;3478
insert;76686;true;4800;3097
insert;24546;true;9000;106
insert;43062;true;1000;378
insert;43694;true;900;451
insert;12886;true;4600;3356
insert;24358;true;1000;66
insert;67908;true;2200;1846
insert;24572;true;800;73
insert;36001;true;900;78
insert;64698;true;1200;1387
insert;61904;true;2000;907
insert;5492;true;2500;2295
insert;24193;true;900;58
insert;89357;true;3800;2589
insert;79068;true;6300;3386
insert;55296;true;2400;1105
insert;59389;true;1300;564
insert;61913;true;1800;913
insert;41679;true;1300;326
insert;68981;true;2500;2005
insert;10558;true;4300;3014
insert;95288;true;5700;3436
insert;59883;true;1100;630
insert;30472;true;900;74
insert;6797;true;2800;2477
insert;61078;true;1800;795
insert;90433;true;3700;2739
insert;1133;true;1400;1716
insert;11545;true;4200;3163
insert;76538;true;4800;3088
insert;1908;true;1500;1810
insert;72065;true;3400;2405
insert;43796;true;1100;468
insert;72174;true;3500;2420
insert;83322;true;1600;1746
insert;24267;true;800;61
insert;49359;true;1300;600
insert;48628;true;1100;487
insert;50885;true;2000;814
insert;81930;true;1200;1545
insert;25903;true;1200;135
insert;60303;true;1600;696
insert;65607;true;1500;1517
insert;3973;true;1800;2099
insert;22477;true;1100;187
insert;97182;true;4700;3694
insert;64262;true;1000;1352
insert;91926;true;3500;2911
insert;79768;true;5800;3485
insert;42280;true;1500;411
insert;9488;true;3800;2890
insert;11310;true;4400;3139
insert;86560;true;2600;2202
insert;14317;true;6100;3574
insert;68134;true;2200;1896
insert;53215;true;1400;812
insert;60568;true;1600;739
insert;36395;true;1100;129
insert;92146;true;4100;2947
insert;17923;true;5400;4055
insert;14574;true;4700;3596
insert;43427;true;1100;425
insert;90327;true;3300;2728
insert;23755;true;6100;62
insert;19750;true;5700;4309
insert;46198;true;1900;788
insert;63950;true;1000;1319
insert;57282;true;2600;1383
insert;63363;true;700;1248
insert;62326;true;1900;984
insert;1792;true;1200;1804
insert;29705;true;1100;59
insert;63058;true;1700;1087
insert;84686;true;1700;1957
insert;93690;true;4000;3214
insert;50490;true;2000;765
insert;41708;true;1200;338
insert;62756;true;1700;1052
insert;40410;true;1200;188
insert;89003;true;3100;2579
insert;57449;true;2800;1434
insert;98334;true;6000;3882
insert;32128;true;1300;79
insert;47684;true;800;372
insert;32748;true;1000;53
insert;90897;true;3200;2809
insert;60838;true;1500;781
insert;80299;true;6900;3569
insert;15197;true;6000;3683
insert;84207;true;1800;1886
insert;3956;true;1700;2110
insert;62913;true;1700;1070
insert;44480;true;1000;559
insert;60842;true;1100;787
insert;45851;true;1500;756
insert;72101;true;3600;2430
insert;67779;true;1900;1857
insert;32540;true;1000;47
insert;69875;true;2500;2150
insert;53555;true;1500;861
insert;18542;true;6000;4163
insert;21688;true;7800;4602
insert;38843;true;900;110
insert;85566;true;2200;2089
insert;56422;true;2400;1246
insert;770;true;1100;1663
insert;21342;true;6600;4556
insert;50500;true;1700;771
insert;92535;true;4300;3034
insert;69797;true;3100;2141
insert;50884;true;2100;824
insert;65994;true;1600;1592
insert;15562;true;6700;3735
insert;72530;true;3700;2519
insert;8455;true;3600;2764
insert;28764;true;1000;58
insert;62929;true;2500;1078
insert;75054;true;4600;2900
insert;90537;true;3300;2785
insert;77659;true;5100;3279
insert;37200;true;1300;50
insert;64749;true;1000;1420
insert;76331;true;7200;3105
insert;89847;true;3200;2690
insert;86493;true;2400;2209
insert;86656;true;2700;2232
insert;88570;true;3200;2513
insert;19044;true;6600;4233
insert;3982;true;2000;2126
insert;1501;true;1300;1781
insert;40762;true;2000;209
insert;93465;true;4200;3208
insert;18139;true;5600;4110
insert;61144;true;1500;827
insert;49995;true;1400;689
insert;51914;true;900;619
insert;67879;true;2000;1882
insert;96786;true;5400;3697
insert;43258;true;1000;415
insert;50307;true;1800;742
insert;40409;true;1000;189
insert;83407;true;1300;1780
insert;22373;true;1100;168
insert;4395;true;1900;2185
insert;16104;true;4900;3814
insert;65706;true;1600;1555
insert;97012;true;6500;3725
insert;29061;true;900;95
insert;3440;true;1700;2043
insert;9390;true;3900;2912
insert;77597;true;6000;3284
insert;11201;true;4600;3167
insert;93216;true;4400;3170
insert;28754;true;900;56
insert;84571;true;2000;1955
insert;22787;true;1300;235
insert;8345;true;3500;2762
insert;3719;true;2000;2097
insert;19652;true;7200;4348
insert;69976;true;3000;2191
insert;71809;true;3500;2416
insert;95468;true;5600;3538
insert;54925;true;2300;1058
insert;47052;true;2300;890
insert;45789;true;1600;753
insert;63783;true;900;1323
insert;12126;true;5500;3329
insert;60728;true;1800;778
insert;17118;true;6500;3994
insert;8377;true;3400;2777
insert;68866;true;2700;2026
insert;84786;true;2100;1999
insert;4246;true;50200;2182
insert;33426;true;1600;107
insert;22116;true;1000;132
insert;62105;true;2200;971
insert;90557;true;4000;2818
insert;44280;true;1400;542
insert;26237;true;1200;117
insert;21168;true;7600;4595
insert;18780;true;5800;4246
insert;6745;true;3000;2535
insert;71401;true;3400;2351
insert;23466;true;700;34
insert;78702;true;5600;3442
insert;25660;true;900;140
insert;4370;true;2200;2202
insert;63278;true;1000;1261
insert;73486;true;3600;2644
insert;32220;true;1300;90
insert;26919;true;1600;153
insert;55372;true;2300;1129
insert;65523;true;1400;1547
insert;7460;true;3300;2647
insert;20660;true;6400;4534
insert;95863;true;5700;3603
insert;72136;true;3500;2486
insert;15851;true;5600;3819
insert;13312;true;5000;3502
insert;10349;true;4000;3063
insert;98625;true;6700;3978
insert;57913;true;1100;400
insert;59007;true;1200;545
insert;21909;true;7600;4718
insert;25034;true;1400;96
insert;90454;true;4000;2805
insert;88135;true;3200;2464
insert;16925;true;6300;3987
insert;93551;true;4700;3243
insert;87826;true;2800;2428
insert;95587;true;5300;3579
insert;17701;true;5700;4116
insert;23425;true;1200;68
insert;38937;true;1200;119
insert;18469;true;6900;4237
insert;1568;true;1500;1814
insert;42085;true;1500;408
insert;86726;true;2900;2270
insert;64925;true;1400;1467
insert;75396;true;4800;2978
insert;35254;true;1400;63
insert;57322;true;2800;1414
insert;75354;true;4400;2979
insert;21811;true;8000;4715
insert;50611;true;2300;797
insert;13062;true;4000;3494
insert;78969;true;5000;3484
insert;14094;true;5000;3625
insert;85683;true;2500;2133
insert;104;true;1300;1606
insert;28266;true;1500;267
insert;98869;true;7300;4030
insert;70761;true;2800;2299
insert;89374;true;3800;2671
insert;77617;true;5100;3332
insert;93993;true;5300;3334
insert;93622;true;4600;3275
insert;48581;true;1200;486
insert;6424;true;2800;2523
insert;98316;true;6000;3970
insert;36970;true;1100;44
insert;79488;true;5700;3553
insert;81188;true;1200;1489
insert;91477;true;4200;2938
insert;92902;true;4600;3163
insert;25751;true;1200;120
insert;20762;true;6800;4588
insert;80135;true;5200;3642
insert;1940;true;1500;1881
insert;67595;true;2100;1879
insert;63091;true;2500;1122
insert;65535;true;1400;1562
insert;89919;true;3300;2756
insert;50148;true;1700;719
insert;8466;true;3700;2836
insert;37989;true;1300;79
insert;59835;true;1300;649
insert;41711;true;1300;347
insert;9502;true;4100;2989
insert;53955;true;1800;917
insert;88237;true;3000;2509
insert;46897;true;2400;879
insert;63570;true;1400;1315
insert;14243;true;5100;3674
insert;52688;true;1400;758
insert;5328;true;2700;2371
insert;39755;true;900;98
insert;13031;true;4800;3514
insert;40854;true;1000;228
insert;177;true;1000;1627
insert;1821;true;1400;1872
insert;23593;true;12100;54
insert;13008;true;5200;3519
insert;33394;true;1200;102
insert;757;true;1200;1716
insert;82709;true;1600;1702
insert;21818;true;7500;4763
insert;10251;true;4000;3094
insert;49167;true;1600;586
insert;21537;true;7000;4723
insert;82904;true;1700;1737
insert;31648;true;1600;179
insert;13496;true;4700;3580
insert;27277;true;1000;134
insert;46060;true;1800;796
insert;34099;true;1000;149
insert;33025;true;800;46
insert;37368;true;7600;83
insert;7918;true;3600;2767
insert;99771;true;7500;4210
insert;77811;true;6100;3376
insert;99683;true;6500;4181
insert;94120;true;4800;3374
insert;73405;true;3800;2661
insert;38797;true;1100;110
insert;72275;true;3600;2530
insert;60761;true;1900;798
insert;95231;true;5300;3565
insert;77628;true;5300;3355
insert;39917;true;1000;121
insert;20533;true;8600;4590
insert;74171;true;4700;2804
insert;84;true;1200;1625
insert;89642;true;3700;2734
insert;89902;true;4000;2769
insert;7877;true;3300;2768
insert;75376;true;4300;3009
insert;45957;true;1800;785
insert;85783;true;1900;2166
insert;1327;true;1300;1825
insert;3518;true;1900;2124
insert;25178;true;1100;113
insert;90954;true;4100;2913
insert;4610;true;2400;2297
insert;95105;true;5500;3566
insert;46941;true;2100;888
insert;25621;true;1100;142
insert;8959;true;3900;2950
insert;5098;true;2700;2375
insert;95243;true;5800;3583
insert;55622;true;2500;1159
insert;16604;true;6300;4034
insert;74452;true;4200;2860
insert;95588;true;6100;3646
insert;67071;true;2300;1807
insert;78910;true;6000;3522
insert;23551;true;1200;47
insert;26032;true;1200;162
insert;16183;true;6100;3965
insert;61232;true;2100;867
insert;28919;true;1300;81
insert;9344;true;3800;3008
insert;13833;true;5300;3647
insert;84813;true;2400;2045
insert;28350;true;1500;293
insert;75072;true;5000;2987
insert;57013;true;3000;1362
insert;51569;true;1000;583
insert;17584;true;6600;4184
insert;43301;true;1200;425
insert;53939;true;1600;922
insert;43642;true;1000;470
insert;32735;true;6000;70
insert;11347;true;4800;3301
insert;80854;true;1000;1462
insert;33374;true;1000;103
insert;26057;true;1200;169
insert;1053;true;1300;1800
insert;70928;true;3200;2342
insert;28091;true;1400;246
insert;7421;true;3200;2719
insert;26563;true;1100;120
insert;33918;true;1000;114
insert;81444;true;1600;1549
insert;38353;true;1100;89
insert;47641;true;1000;375
insert;34362;true;7500;57
insert;53025;true;1400;809
insert;22938;true;1500;265
insert;53134;true;1600;828
insert;73492;true;4300;2695
insert;79118;true;6000;3558
insert;55150;true;2100;1121
insert;33388;true;1100;106
insert;35041;true;5400;84
insert;84133;true;1900;1944
insert;26618;true;900;122
insert;67458;true;2200;1877
insert;47391;true;1000;346
insert;9631;true;4100;3060
insert;66270;true;1800;1696
insert;86584;true;2700;2299
insert;55243;true;2100;1136
insert;18691;true;7700;4369
insert;37462;true;3900;83
insert;746;true;1100;1740
insert;53087;true;1600;827
insert;58269;true;1000;442
insert;215;true;3800;1661
insert;86104;true;2800;2224
insert;73783;true;3800;2763
insert;57828;true;3000;1528
insert;13283;true;4500;3610
insert;85583;true;2600;2165
insert;88621;true;3600;2608
insert;29056;true;1000;102
insert;99842;true;7600;4277
insert;11236;true;4600;3305
insert;42644;true;900;345
insert;69577;true;2800;2182
insert;9332;true;3900;3028
insert;84783;true;2300;2054
insert;88509;true;3800;2603
insert;41018;true;1200;251
insert;30587;true;1200;93
insert;35976;true;900;78
insert;15796;true;5900;3939
insert;31825;true;1200;200
insert;82696;true;1400;1730
insert;91935;true;4500;3069
insert;91253;true;4400;2982
insert;65204;true;1500;1537
insert;82288;true;1600;1673
insert;37243;true;4200;75
insert;97426;true;6000;3934
insert;3403;true;2200;2126
insert;85476;true;2400;2169
insert;16686;true;6200;4087
insert;73028;true;4000;2668
insert;31986;true;900;65
insert;75224;true;3900;3029
insert;26606;true;900;119
insert;26370;true;3300;151
insert;58722;true;1100;515
insert;30181;true;1100;62
insert;80030;true;6100;3694
insert;99238;true;6100;4204
insert;3969;true;2300;2230
insert;27272;true;1000;137
insert;3978;true;1800;2235
insert;70257;true;2700;2295
insert;53251;true;1500;851
insert;67305;true;1800;1858
insert;82686;true;1500;1739
insert;79945;true;5000;3687
insert;5970;true;2500;2534
insert;68213;true;2100;2002
insert;84560;true;1900;2028
insert;40707;true;1500;208
insert;84038;true;1700;1949
insert;55375;true;2100;1166
insert;291;true;1100;1687
insert;59960;true;1500;670
insert;83785;true;1500;1906
insert;65334;true;1500;1563
insert;23236;true;900;49
insert;61610;true;2100;927
insert;22553;true;1200;204
insert;68382;true;153400;2048
insert;71202;true;3900;2413
insert;27241;true;1200;134
insert;28124;true;2300;259
insert;1939;true;2700;1944
insert;5002;true;3300;2399
insert;35037;true;1100;60
insert;15940;true;8400;3980
insert;28285;true;1300;294
insert;3637;true;2700;2187
insert;94161;true;7800;3459
insert;60745;true;2100;808
insert;72225;true;4000;2578
insert;31608;true;1500;179
insert;57015;true;3600;1393
insert;83373;true;1900;1856
insert;28295;true;1200;299
insert;56291;true;2300;1276
insert;54519;true;2000;1027
insert;13182;true;5400;3638
insert;91613;true;4700;3055
insert;43354;true;1300;434
insert;48043;true;1300;425
insert;10501;true;4400;3219
insert;4682;true;2400;2362
insert;11631;true;4800;3399
insert;89703;true;3900;2816
insert;6066;true;2700;2568
insert;16598;true;5700;4119
insert;75196;true;4900;3049
insert;77685;true;5000;3436
insert;38527;true;1000;93
insert;76330;true;4900;3245
insert;29189;true;1000;39
insert;96904;true;6200;3897
insert;23376;true;900;70
insert;15811;true;5300;3986
insert;97899;true;5700;4042
insert;45400;true;2000;711
insert;61886;true;2300;973
insert;837;true;1300;1789
insert;15777;true;5800;3986
insert;21491;true;7200;4857
insert;16581;true;5100;4124
insert;6695;true;2600;2665
insert;21881;true;77300;4928
insert;60297;true;2200;730
insert;35414;true;1400;74
insert;34999;true;7800;79
insert;57537;true;4200;1516
insert;10240;true;5800;3197
insert;96202;true;8400;3813
insert;50463;true;2500;792
insert;2901;true;1900;2086
insert;2614;true;1500;2049
insert;68977;true;3700;2134
insert;49020;true;1300;579
insert;69361;true;2400;2187
insert;63865;true;1100;1386
insert;34910;true;4400;77
insert;39260;true;1000;75
insert;23688;true;1100;42
insert;62526;true;2500;1069
insert;6347;true;2500;2636
insert;58631;true;1000;510
insert;22592;true;1100;211
insert;83606;true;1800;1896
insert;17465;true;6700;4285
insert;36111;true;1200;99
insert;90029;true;3900;2869
insert;25672;true;1200;149
insert;21963;true;6900;4958
insert;26040;true;1300;170
insert;82678;true;1400;1750
insert;34471;true;800;46
insert;74704;true;4400;2985
insert;79727;true;6100;3698
insert;81683;true;1300;1627
insert;15546;true;5200;3983
insert;54720;true;2100;1067
insert;20890;true;7400;4806
insert;61263;true;1900;895
insert;28186;true;1400;276
insert;42021;true;2000;413
insert;15421;true;6000;3971
insert;62654;true;2200;1098
insert;50427;true;2100;788
insert;36159;true;900;102
insert;63505;true;1100;1345
insert;28179;true;1200;277
insert;74403;true;5200;2920
insert;24206;true;8600;91
insert;74201;true;4400;2887
insert;74461;true;4000;2940
insert;69049;true;2400;2155
insert;19716;true;7100;4622
insert;62927;true;2400;1135
insert;27039;true;1200;133
insert;52289;true;1200;712
insert;47936;true;1100;417
insert;2549;true;1700;2053
insert;8691;true;3900;3008
insert;54999;true;2300;1117
insert;46008;true;2700;814
insert;69285;true;3000;2194
insert;46913;true;2400;907
insert;78417;true;6000;3561
insert;93784;true;5900;3434
insert;7934;true;4100;2881
insert;3141;true;1900;2134
insert;53794;true;1700;936
insert;63538;true;1100;1354
insert;46342;true;2000;846
insert;87438;true;3100;2481
insert;48441;true;1300;478
insert;13009;true;5300;3671
insert;1039;true;1400;1856
insert;80534;true;6300;3839
insert;71803;true;3400;2538
insert;5162;true;2400;2475
insert;61137;true;18300;870
insert;31941;true;1400;66
insert;97889;true;7000;4062
insert;76893;true;5500;3369
insert;60535;true;1700;779
insert;95276;true;5800;3691
insert;81013;true;1000;1524
insert;94382;true;5100;3539
insert;10435;true;4700;3262
insert;72288;true;3700;2620
insert;22407;true;1200;186
insert;41826;true;1500;382
insert;65425;true;1700;1611
insert;78649;true;5700;3610
insert;21390;true;8300;4903
insert;84755;true;2100;2100
insert;47821;true;1000;411
insert;83847;true;1700;1943
insert;41337;true;1100;287
insert;70509;true;2400;2377
insert;37919;true;1100;79
insert;1748;true;1400;1948
insert;81079;true;1000;1536
insert;60638;true;1800;800
insert;6503;true;3000;2683
insert;45175;true;1800;683
insert;35855;true;1300;118
insert;54321;true;2000;1003
insert;74464;true;4600;2970
insert;70565;true;3600;2381
insert;5277;true;2300;2502
insert;19338;true;6600;4613
insert;59841;true;1200;675
insert;75015;true;4800;3088
insert;59555;true;1200;626
insert;10659;true;4200;3312
insert;30413;true;1100;74
insert;4240;true;2400;2339
insert;49529;true;2100;670
insert;48746;true;1400;547
insert;80677;true;7000;3887
insert;30994;true;1000;105
insert;3972;true;2200;2298
insert;34563;true;900;50
insert;43103;true;1000;408
insert;93788;true;5600;3455
insert;22056;true;900;125
insert;40103;true;1000;160
insert;86716;true;2400;2394
insert;20337;true;7000;4767
insert;44567;true;1400;603
insert;38866;true;1000;122
insert;86675;true;2600;2385
insert;80125;true;5500;3816
insert;96859;true;5100;3940
insert;4739;true;2400;2430
insert;26356;true;10000;157
insert;68234;true;2700;2055
insert;2330;true;1800;2043
insert;55692;true;2900;1224
insert;75771;true;5500;3220
insert;95509;true;5200;3757
insert;16277;true;5900;4162
insert;19584;true;6800;4663
insert;48718;true;1400;540
insert;45674;true;2000;766
insert;42070;true;1500;428
insert;4598;true;2400;2406
insert;9638;true;3900;3191
insert;283;true;1100;1738
insert;79788;true;5900;3769
insert;11952;true;5100;3555
insert;93887;true;5200;3488
insert;52738;true;1500;791
insert;24368;true;4200;103
insert;62782;true;2500;1141
insert;44252;true;3200;565
insert;49758;true;1700;711
insert;4445;true;2200;2394
insert;84023;true;1900;1989
insert;23099;true;1200;304
insert;32893;true;1000;40
insert;75840;true;4400;3228
insert;25668;true;1200;153
insert;26841;true;1000;149
insert;11532;true;4600;3487
insert;36256;true;1100;117
insert;23717;true;1100;45
insert;86919;true;2500;2432
insert;16289;true;5700;4184
insert;2211;true;1700;2043
insert;3784;true;2000;2286
insert;99287;true;6700;4307
insert;13190;true;4800;3761
insert;7632;true;3500;2896
insert;83246;true;1900;1872
insert;95441;true;6100;3755
insert;39495;true;1200;106
insert;52331;true;1300;726
insert;96615;true;5800;3932
insert;45686;true;1900;776
insert;90743;true;4100;3017
insert;26160;true;1300;118
insert;9780;true;4100;3235
insert;13886;true;5600;3856
insert;34523;true;8200;68
insert;83498;true;2000;1916
insert;48339;true;1200;474
insert;7120;true;3500;2805
insert;66975;true;2400;1869
insert;96752;true;5500;3953
insert;65682;true;1500;1662
insert;21656;true;7600;5028
insert;70282;true;3000;2371
insert;92805;true;4400;3318
insert;6543;true;3000;2733
insert;61088;true;2000;876
insert;703;true;1300;1822
insert;66398;true;1700;1788
insert;12962;true;4700;3745
insert;49562;true;1800;685
insert;79836;true;6400;3795
insert;42275;true;1800;445
insert;87851;true;3300;2589
insert;40265;true;1200;185
insert;54146;true;1900;989
insert;86774;true;2800;2430
insert;19298;true;7000;4682
insert;82665;true;1600;1785
insert;75355;true;4400;3156
insert;84192;true;2000;2040
insert;9952;true;4400;3261
insert;94397;true;5600;3601
insert;66367;true;2000;1777
insert;17781;true;6400;4454
insert;40792;true;1100;226
insert;44653;true;1500;619
insert;92828;true;4600;3336
insert;35571;true;7200;121
insert;58531;true;1300;513
insert;51437;true;900;584
insert;90217;true;3800;2965
insert;20285;true;7500;4833
insert;81278;true;1100;1592
insert;52918;true;1200;827
insert;35079;true;1000;62
insert;89174;true;3000;2819
insert;2003;true;1500;2036
insert;57076;true;3200;1452
insert;45744;true;1900;794
insert;81883;true;1500;1684
insert;22809;true;1400;255
insert;70575;true;3600;2410
insert;83863;true;2000;1985
insert;7541;true;3800;2899
insert;68910;true;2500;2171
insert;69498;true;2700;2268
insert;59560;true;1200;634
insert;2438;true;1500;2094
insert;10262;true;3800;3325
insert;94833;true;5300;3706
insert;32751;true;9800;73
insert;12302;true;5000;3666
insert;33262;true;1200;93
insert;49508;true;1800;676
insert;56502;true;2800;1349
insert;94561;true;6000;3651
insert;96845;true;6500;4010
insert;74825;true;5300;3087
insert;51835;true;1100;652
insert;9754;true;4700;3261
insert;42041;true;1800;427
insert;47751;true;1300;409
insert;20532;true;8000;4894
insert;66174;true;1900;1744
insert;88593;true;4000;2729
insert;66792;true;2300;1865
insert;7294;true;3800;2859
insert;24866;true;1200;98
insert;80761;true;1000;1522
insert;51985;true;1100;677
insert;54789;true;1700;1112
insert;56171;true;2400;1305
insert;42115;true;1500;442
insert;59328;true;1200;613
insert;64563;true;1200;1512
insert;62549;true;2400;1112
insert;5048;true;2200;2534
insert;86687;true;2600;2437
insert;40866;true;1000;245
insert;83867;true;1800;1998
insert;43157;true;1100;429
insert;58509;true;1000;511
insert;49645;true;1800;712
insert;8708;true;3400;3115
insert;10607;true;4000;3398
insert;20170;true;7900;4841
insert;42747;true;1100;370
insert;51531;true;1000;608
insert;87857;true;3000;2627
insert;19934;true;7500;4814
insert;13731;true;5600;3881
insert;59861;true;1700;698
insert;14694;true;5600;4032
insert;21408;true;8500;5053
insert;87956;true;3400;2638
insert;69398;true;3300;2263
insert;66608;true;2200;1846
insert;50573;true;2300;857
insert;46940;true;2400;943
insert;27974;true;1300;236
insert;56047;true;2500;1291
insert;99704;true;7800;4459
insert;46868;true;2200;934
insert;85819;true;2700;2316
insert;46586;true;2100;911
insert;97361;true;6200;4103
insert;21642;true;8600;5096
insert;27160;true;1300;139
insert;10329;true;4700;3353
insert;22290;true;1100;172
insert;67038;true;2300;1903
insert;10288;true;4600;3352
insert;83324;true;1800;1926
insert;31071;true;1000;110
insert;64156;true;1200;1474
insert;24956;true;900;106
insert;56977;true;3100;1450
insert;90388;true;3900;3031
insert;30739;true;1400;61
insert;94184;true;5300;3612
insert;10586;true;4300;3411
insert;70230;true;3200;2403
insert;53440;true;1700;915
insert;63527;true;1200;1390
insert;57258;true;2900;1514
insert;17430;true;6900;4454
insert;72683;true;4100;2771
insert;77059;true;5300;3482
insert;53829;true;1500;973
insert;13808;true;4700;3901
insert;19541;true;6700;4776
insert;40641;true;1000;216
insert;50985;true;5800;910
insert;910;true;1400;1895
insert;18722;true;7000;4660
insert;5572;true;2700;2621
insert;52304;true;1500;748
insert;40159;true;1300;172
insert;67009;true;2200;1913
insert;60247;true;1800;757
insert;10351;true;4400;3376
insert;2784;true;1900;2169
insert;94240;true;5100;3625
insert;11324;true;4000;3546
insert;78848;true;6500;3726
insert;28207;true;1300;287
insert;71585;true;3200;2579
insert;35524;true;1000;83
insert;69780;true;2400;2342
insert;75807;true;4100;3299
insert;67437;true;2200;1986
insert;34853;true;5900;83
insert;4178;true;1900;2413
insert;65929;true;1600;1737
insert;89256;true;3200;2864
insert;58039;true;800;440
insert;21513;true;10300;5110
insert;7382;true;2900;2917
insert;18887;true;6600;4704
insert;15370;true;5300;4157
insert;53717;true;1600;961
insert;84707;true;2400;2169
insert;81215;true;1100;1606
insert;52244;true;1200;734
insert;91458;true;4400;3173
insert;79376;true;6000;3812
insert;49648;true;1900;717
insert;70669;true;3300;2479
insert;72351;true;3400;2730
insert;75940;true;4900;3335
insert;16523;true;6500;4338
insert;87431;true;3600;2582
insert;54607;true;2200;1099
insert;31066;true;900;114
insert;75989;true;5400;3352
insert;33145;true;1000;70
insert;71573;true;3900;2597
insert;31813;true;1300;204
insert;44841;true;1700;654
insert;7863;true;3700;3003
insert;81957;true;1400;1723
insert;58998;true;1200;587
insert;11607;true;4900;3608
insert;70754;true;3200;2492
insert;30331;true;900;87
insert;97903;true;7100;4230
insert;12362;true;4800;3743
insert;37461;true;5200;89
insert;69410;true;2700;2303
insert;83650;true;1800;1991
insert;67186;true;2000;1952
insert;39680;true;1000;99
insert;86323;true;2700;2410
insert;45025;true;1800;681
insert;75350;true;5000;3239
insert;7878;true;3600;3014
insert;25056;true;900;107
insert;28389;true;1400;332
insert;44746;true;1500;644
insert;77414;true;5700;3572
insert;8342;true;3700;3087
insert;63193;true;2800;1225
insert;81675;true;1300;1699
insert;68230;true;2500;2127
insert;10145;true;4100;3362
insert;77847;true;5500;3656
insert;4480;true;2500;2471
insert;33255;true;1100;97
insert;88471;true;3700;2766
insert;17838;true;7200;4570
insert;17445;true;6900;4515
insert;57390;true;3500;1570
insert;88662;true;3500;2801
insert;79180;true;6600;3825
insert;82172;true;1600;1768
insert;91514;true;4700;3213
insert;19124;true;7300;4780
insert;26007;true;1800;168
insert;45111;true;1300;703
insert;64020;true;1000;1486
insert;15591;true;6000;4217
insert;90819;true;6200;3130
insert;53487;true;1700;933
insert;65150;true;1300;1631
insert;30869;true;1000;93
insert;36832;true;1400;77
insert;91545;true;4600;3221
insert;26871;true;1200;160
insert;20068;true;8400;4936
insert;14004;true;6000;4005
insert;45386;true;1900;752
insert;75585;true;4900;3294
insert;78551;true;6400;3749
insert;77270;true;5800;3570
insert;22900;true;1500;279
insert;47134;true;900;336
insert;67978;true;2500;2099
insert;72669;true;3800;2826
insert;411;true;1200;1822
insert;95930;true;6700;3972
insert;87252;true;3500;2577
insert;84701;true;2400;2194
insert;35953;true;1000;76
insert;37874;true;10000;103
insert;38195;true;4000;124
insert;10078;true;4300;3365
insert;11911;true;5300;3694
insert;7118;true;3400;2887
insert;72051;true;3400;2713
insert;95196;true;6100;3857
insert;22182;true;1100;166
insert;87571;true;3400;2630
insert;94641;true;5300;3755
insert;31506;true;1400;159
insert;35923;true;900;73
insert;1279;true;1500;1988
insert;72175;true;3700;2740
insert;20095;true;8200;4957
insert;37399;true;1000;58
insert;88411;true;3500;2776
insert;40583;true;1000;211
insert;35569;true;1000;83
insert;26853;true;1000;153
insert;67966;true;2500;2103
insert;57773;true;3500;1630
insert;74311;true;4900;3076
insert;19727;true;7600;4892
insert;36451;true;900;154
insert;72301;true;3800;2767
insert;56310;true;2600;1363
insert;55836;true;2300;1292
insert;65498;true;4700;1694
insert;86458;true;3100;2459
insert;40716;true;1000;226
insert;63327;true;1000;1401
insert;77582;true;6200;3650
insert;84312;true;2300;2140
insert;74886;true;4900;3215
insert;38804;true;1200;117
insert;44166;true;1400;565
insert;1709;true;1700;2041
insert;74749;true;4800;3196
insert;62618;true;2700;1145
insert;4423;true;2600;2486
insert;29584;true;1200;52
insert;84434;true;2200;2157
insert;41333;true;1200;307
insert;6240;true;3200;2777
insert;93933;true;5600;3652
insert;79826;true;6500;3959
insert;81698;true;1400;1723
insert;53875;true;1700;999
insert;82036;true;1500;1768
insert;92930;true;5300;3481
insert;61895;true;2200;1034
insert;73497;true;4200;2938
insert;35052;true;8000;93
insert;98422;true;7100;4376
insert;62513;true;2100;1125
insert;76845;true;5000;3565
insert;6674;true;3100;2844
insert;77268;true;4900;3612
insert;47870;true;1300;433
insert;7861;true;3300;3043
insert;62238;true;2100;1086
insert;15938;true;6400;4292
insert;87220;true;3100;2597
insert;91420;true;4300;3238
insert;89973;true;3600;3051
insert;86270;true;2600;2440
insert;48125;true;1100;466
insert;45317;true;1900;744
insert;60965;true;1900;885
insert;93537;true;4900;3595
insert;53971;true;2100;1020
insert;85466;true;2500;2340
insert;53344;true;1600;921
insert;22635;true;1500;235
insert;72390;true;3900;2809
insert;99941;true;7400;4633
insert;41283;true;1100;306
insert;89470;true;4100;2978
insert;76576;true;5700;3524
insert;72356;true;4000;2799
insert;77967;true;5700;3742
insert;88076;true;3200;2747
insert;51056;true;2400;925
insert;71008;true;3200;2579
insert;47623;true;900;402
insert;76309;true;4200;3490
insert;81363;true;1000;1674
insert;31862;true;1200;216
insert;34773;true;7000;76
insert;54622;true;2300;1120
insert;32817;true;900;34
insert;45457;true;1600;767
insert;31587;true;1000;181
insert;80985;true;1000;1613
insert;86151;true;2500;2438
insert;75050;true;3900;3267
insert;61511;true;2000;984
insert;51445;true;1000;613
insert;72416;true;3900;2824
insert;40571;true;1000;215
insert;85502;true;2800;2363
insert;79786;true;6900;3985
insert;65166;true;1500;1664
insert;21700;true;10700;5245
insert;16234;true;6600;4360
insert;39821;true;1800;116
insert;37780;true;900;74
insert;8356;true;3800;3135
insert;97600;true;7200;4294
insert;18037;true;6800;4664
insert;9598;true;4100;3335
insert;38568;true;1500;102
insert;56226;true;2800;1368
insert;59162;true;1300;619
insert;56439;true;2700;1409
insert;26528;true;1400;143
insert;24882;true;1000;102
insert;7924;true;3700;3068
insert;67268;true;2300;2011
insert;22359;true;1200;190
insert;65139;true;1700;1662
insert;92201;true;4800;3391
insert;67471;true;2400;2063
insert;12967;true;7800;3901
insert;7902;true;3100;3066
insert;41456;true;1200;338
insert;51508;true;1100;630
insert;49728;true;1900;739
insert;67107;true;2000;1996
insert;95850;true;24700;4042
insert;89452;true;4200;2997
insert;99501;true;8300;4580
insert;56724;true;3300;1461
insert;95325;true;5700;3959
insert;5326;true;3000;2649
insert;46748;true;8200;952
insert;87741;true;9500;2720
insert;52786;true;3000;852
insert;85758;true;3000;2401
insert;83771;true;1800;2066
insert;80173;true;15800;4071
insert;18546;true;18500;4764
insert;33875;true;2000;113
insert;18663;true;6400;4771
insert;71344;true;3700;2634
insert;17569;true;6000;4598
insert;42027;true;2500;453
insert;5406;true;3000;2667
insert;90973;true;7400;3237
insert;87307;true;3100;2656
insert;63917;true;1100;1509
insert;68581;true;2400;2244
insert;28908;true;1800;83
insert;590;true;1300;1870
insert;49733;true;3300;744
insert;4322;true;2500;2487
insert;98544;true;10100;4465
insert;10516;true;4500;3510
insert;90655;true;4100;3206
insert;70997;true;3200;2607
insert;77638;true;6500;3736
insert;85363;true;3000;2355
insert;3728;true;2300;2391
insert;43550;true;1700;499
insert;38861;true;1200;129
insert;20561;true;10200;5108
insert;42107;true;1800;470
insert;43915;true;1400;546
insert;42781;true;1000;389
insert;51683;true;1300;671
insert;40235;true;1400;189
insert;1293;true;1600;2019
insert;69665;true;3200;2421
insert;59594;true;2500;668
insert;35609;true;2400;91
insert;83776;true;2100;2074
insert;17220;true;7100;4564
insert;61056;true;2500;905
insert;87256;true;3800;2657
insert;23615;true;1200;37
insert;54535;true;3100;1124
insert;54003;true;1900;1045
insert;98529;true;9400;4476
insert;21209;true;9500;5221
insert;81818;true;1400;1773
insert;70375;true;3700;2538
insert;39538;true;1100;117
insert;27906;true;1600;225
insert;74271;true;4600;3143
insert;85786;true;2200;2424
insert;58472;true;1200;522
insert;36310;true;2300;131
insert;44722;true;2100;662
insert;43552;true;1300;509
insert;75741;true;5300;3430
insert;31854;true;2000;218
insert;42114;true;1500;473
insert;26391;true;1600;115
insert;58233;true;900;483
insert;63119;true;4100;1252
insert;90602;true;5000;3217
insert;54187;true;2100;1076
insert;26729;true;20200;203
insert;50386;true;3200;843
insert;56958;true;4800;1519
insert;82682;true;1700;1904
insert;58333;true;1100;499
insert;53702;true;1800;998
insert;72202;true;4100;2813
insert;42743;true;1000;388
insert;91688;true;5100;3361
insert;50120;true;2200;792
insert;84500;true;2800;2220
insert;66001;true;1700;1826
insert;77069;true;5700;3663
insert;38044;true;13500;121
insert;23438;true;1200;77
insert;84746;true;2500;2273
insert;60475;true;2100;828
insert;30394;true;1400;71
insert;5372;true;4400;2678
insert;55737;true;2600;1329
insert;49442;true;1700;693
insert;96769;true;7400;4224
insert;80247;true;7800;4114
insert;65933;true;2000;1819
insert;45779;true;2900;853
insert;6802;true;3700;2905
insert;91188;true;4900;3293
insert;32034;true;1300;71
insert;19838;true;10400;4996
insert;48836;true;1400;592
insert;94814;true;6000;3928
insert;20936;true;10600;5193
insert;97917;true;7700;4419
insert;49723;true;1700;749
insert;82088;true;1600;1828
insert;25318;true;1300;137
insert;3926;true;2200;2434
insert;73215;true;4700;2968
insert;13281;true;5400;3985
insert;8238;true;3800;3166
insert;17774;true;7000;4679
insert;46761;true;2800;976
insert;65957;true;1900;1825
insert;98965;true;7700;4573
insert;85594;true;2800;2426
insert;53264;true;2000;936
insert;53748;true;1800;1015
insert;89435;true;4300;3053
insert;4530;true;2700;2550
insert;96928;true;6700;4274
insert;47992;true;1300;460
insert;41075;true;1200;292
insert;4785;true;2600;2609
insert;95516;true;6400;4067
insert;38571;true;1100;108
insert;28595;true;1900;368
insert;42780;true;1000;397
insert;39729;true;1100;108
insert;98084;true;7000;4458
insert;17069;true;7200;4562
insert;62033;true;3700;1083
insert;25917;true;1400;153
insert;18878;true;7300;4865
insert;91511;true;4000;3361
insert;65051;true;1700;1674
insert;6103;true;2700;2812
insert;40381;true;1300;213
insert;71019;true;4200;2637
insert;96576;true;6000;4230
insert;77510;true;5900;3740
insert;69776;true;2900;2461
insert;4833;true;2700;2619
insert;91967;true;4600;3431
insert;69200;true;2800;2364
insert;81185;true;1300;1684
insert;98390;true;6200;4517
insert;53799;true;1800;1026
insert;32282;true;1100;112
insert;2351;true;1600;2186
insert;77233;true;5100;3705
insert;42243;true;1800;487
insert;18504;true;7600;4819
insert;42495;true;1600;532
insert;91114;true;4000;3312
insert;46276;true;2700;924
insert;78806;true;5900;3942
insert;64150;true;1300;1567
insert;12711;true;5200;3924
insert;82687;true;1600;1933
insert;98184;true;7000;4496
insert;44223;true;8500;599
insert;59414;true;1600;664
insert;23504;true;1000;42
insert;219;true;900;1843
insert;3669;true;2100;2406
insert;65282;true;1600;1722
insert;3224;true;2100;2329
insert;17673;true;7800;4700
insert;58418;true;1100;523
insert;75225;true;5300;3377
insert;31940;true;1100;69
insert;20973;true;9400;5251
insert;46977;true;3200;1016
insert;98192;true;9300;4501
insert;9729;true;4800;3438
insert;45224;true;2000;759
insert;45764;true;2000;866
insert;71537;true;4400;2722
insert;18003;true;6600;4761
insert;31102;true;1400;121
insert;82814;true;1800;1954
insert;60011;true;1600;754
insert;90196;true;4300;3193
insert;33364;true;1100;110
insert;73034;true;4400;2991
insert;31161;true;1100;103
insert;67553;true;2700;2128
insert;44219;true;1500;603
insert;93260;true;5200;3682
insert;10493;true;4900;3562
insert;33522;true;1000;145
insert;12499;true;5500;3911
insert;22699;true;1800;251
insert;43291;true;1200;484
insert;42060;true;1600;467
insert;44038;true;1400;591
insert;53347;true;1900;951
insert;51760;true;1200;694
insert;83886;true;2200;2147
insert;11626;true;5500;3758
insert;40434;true;1200;226
insert;92931;true;5500;3628
insert;7419;true;3800;3053
insert;91120;true;5000;3331
insert;32977;true;23200;57
insert;98257;true;7600;4532
insert;78775;true;7500;3959
insert;45760;true;2200;876
insert;12715;true;5900;3954
insert;32153;true;1800;98
insert;86103;true;3300;2517
insert;2727;true;2100;2261
insert;65927;true;1900;1838
insert;12366;true;5600;3904
insert;47374;true;1100;381
insert;2391;true;1800;2217
insert;65544;true;1900;1777
insert;42109;true;1700;482
insert;78101;true;113100;3880
insert;21532;true;13400;5362
insert;20311;true;7800;5163
insert;92082;true;8400;3486
insert;23252;true;1000;56
insert;84579;true;2300;2279
insert;34522;true;9200;65
insert;73393;true;72400;3031
insert;87778;true;6700;2814
insert;1614;true;2300;2096
insert;64090;true;1700;1568
insert;15859;true;8900;4415
insert;67711;true;3300;2167
insert;55423;true;3700;1311
insert;87760;true;4000;2813
insert;758;true;1500;1960
insert;6214;true;3100;2875
insert;59853;true;2200;737
insert;48939;true;2200;630
insert;61115;true;2100;952
insert;21834;true;9700;5438
insert;57277;true;3700;1612
insert;56466;true;2900;1461
insert;19341;true;8500;5023
insert;16670;true;6500;4572
insert;56051;true;2800;1386
insert;96858;true;9200;4322
insert;11234;true;5500;3723
insert;71100;true;4400;2680
insert;34321;true;1700;35
insert;18984;true;7600;4966
insert;44257;true;2200;629
insert;79243;true;6200;4045
insert;75564;true;4900;3462
insert;44797;true;1700;706
insert;17575;true;7100;4727
insert;81802;true;1700;1813
insert;8073;true;4000;3202
insert;78499;true;6400;3943
insert;23645;true;1200;42
insert;39927;true;1000;145
insert;7263;true;4100;3047
insert;61460;true;2600;1017
insert;1047;true;1700;2038
insert;93193;true;6000;3694
insert;30;true;1200;1845
insert;47635;true;1300;419
insert;31645;true;1500;196
insert;98512;true;7600;4601
insert;16199;true;6900;4510
insert;86065;true;3200;2530
insert;65639;true;1900;1808
insert;74560;true;5300;3285
insert;3769;true;2700;2473
insert;70037;true;3600;2548
insert;47801;true;1200;446
insert;42488;true;1800;535
insert;83589;true;2000;2103
insert;31929;true;1200;69
insert;46645;true;2700;1001
insert;83017;true;1800;2014
insert;12570;true;6100;3982
insert;86061;true;2900;2537
insert;30666;true;1200;126
insert;63261;true;1000;1457
insert;92236;true;5500;3540
insert;90658;true;4700;3313
insert;75339;true;5700;3436
insert;37481;true;1700;64
insert;57135;true;3600;1593
insert;21743;true;10400;5461
insert;99164;true;8100;4722
insert;5073;true;3100;2718
insert;62502;true;3100;1176
insert;63422;true;1100;1489
insert;12064;true;5600;3899
insert;97905;true;7600;4517
insert;89299;true;4600;3092
insert;22945;true;1800;302
insert;5573;true;3200;2794
insert;40415;true;1200;228
insert;34707;true;9700;75
insert;91730;true;5000;3461
insert;68606;true;3100;2326
insert;24481;true;7200;109
insert;51893;true;1200;714
insert;24669;true;1300;89
insert;36961;true;4100;61
insert;90471;true;4400;3290
insert;3762;true;2600;2479
insert;88004;true;3800;2869
insert;20073;true;8400;5192
insert;78684;true;8700;3997
insert;61313;true;2300;1003
insert;59940;true;1700;756
insert;20279;true;8400;5225
insert;89804;true;4500;3182
insert;10522;true;4900;3638
insert;95345;true;6800;4131
insert;8253;true;4200;3265
insert;12291;true;5600;3952
insert;74985;true;5500;3394
insert;12354;true;5700;3967
insert;55616;true;2700;1335
insert;31002;true;1200;117
insert;8524;true;3500;3326
insert;82612;true;1700;1948
insert;20355;true;8100;5261
insert;52517;true;1500;824
insert;31763;true;1700;211
insert;21982;true;1100;129
insert;92175;true;5400;3557
insert;68328;true;2900;2293
insert;93135;true;5600;3732
insert;80359;true;7900;4242
insert;15660;true;6600;4452
insert;79957;true;5800;4183
insert;9066;true;4200;3423
insert;82833;true;1600;1999
insert;80162;true;7100;4224
insert;28940;true;1300;92
insert;61830;true;2400;1077
insert;98937;true;7700;4712
insert;2868;true;2100;2334
insert;59264;true;1500;652
insert;68725;true;3000;2349
insert;95489;true;6400;4173
insert;18756;true;7900;4993
insert;93994;true;5800;3898
insert;17966;true;7500;4872
insert;77130;true;6400;3772
insert;68367;true;3100;2311
insert;75399;true;5400;3476
insert;28633;true;1700;373
insert;53374;true;1600;975
insert;87584;true;3300;2815
insert;15265;true;6100;4415
insert;65367;true;1900;1781
insert;3321;true;2100;2410
insert;24689;true;6100;123
insert;1584;true;2100;2135
insert;35499;true;3800;121
insert;76155;true;5400;3634
insert;3615;true;2400;2466
insert;86872;true;3600;2704
insert;66051;true;2200;1903
insert;73496;true;4500;3106
insert;72433;true;4300;2979
insert;6768;true;3800;3017
insert;72444;true;4000;2982
insert;80953;true;1300;1697
insert;54913;true;2400;1236
insert;68341;true;2600;2319
insert;31293;true;1300;130
insert;5004;true;6300;2732
insert;44218;true;1900;614
insert;53935;true;1900;1067
insert;91391;true;5100;3440
insert;20868;true;8900;5387
insert;74498;true;5100;3322
insert;25518;true;1400;140
insert;28778;true;1200;71
insert;28786;true;1500;76
insert;70113;true;3500;2599
insert;71116;true;3500;2744
insert;74675;true;5500;3373
insert;37181;true;1100;53
insert;99979;true;9600;4917
insert;95664;true;8000;4224
insert;21082;true;10600;5424
insert;534;true;1200;1945
insert;39355;true;1100;90
insert;59830;true;2100;741
insert;98586;true;10500;4685
insert;41138;true;1400;304
insert;94558;true;8000;4016
insert;14264;true;8200;4312
insert;81394;true;1300;1779
insert;21474;true;11700;5489
insert;86343;true;3600;2618
insert;78493;true;9900;4020
insert;4402;true;3200;2628
insert;52025;true;1400;746
insert;37749;true;9200;104
insert;38749;true;1300;123
insert;74708;true;5600;3385
insert;41792;true;1600;423
insert;39590;true;1000;130
insert;68277;true;2800;2302
insert;3891;true;2600;2543
insert;5148;true;3200;2776
insert;54572;true;2600;1181
insert;21648;true;8900;5537
insert;64285;true;1300;1645
insert;83176;true;2000;2077
insert;58620;true;1200;572
insert;73571;true;4600;3154
insert;98380;true;9000;4664
insert;73851;true;4600;3207
insert;87008;true;3300;2747
insert;18730;true;7200;5032
insert;17102;true;7100;4749
insert;57741;true;4200;1738
insert;73012;true;5000;3080
insert;50480;true;2900;893
insert;80389;true;7800;4323
insert;15186;true;7900;4434
insert;26204;true;1300;121
insert;268;true;1000;1923
insert;27621;true;1300;196
insert;57299;true;3800;1657
insert;4576;true;2500;2678
insert;79072;true;6800;4124
insert;6296;true;3400;2981
insert;87318;true;3600;2804
insert;93452;true;5600;3831
insert;57615;true;3500;1728
insert;6868;true;3600;3070
insert;2595;true;1900;2321
insert;15169;true;6600;4450
insert;63583;true;1100;1551
insert;59821;true;1600;741
insert;34792;true;1100;57
insert;96551;true;7000;4382
insert;20429;true;8900;5359
insert;96137;true;6800;4331
insert;73619;true;4600;3176
insert;75461;true;5600;3549
insert;98149;true;7300;4640
insert;17545;true;6800;4850
insert;14531;true;6600;4371
insert;37806;true;1100;76
insert;37395;true;6600;79
insert;58516;true;1200;560
insert;91316;true;4800;3453
insert;78282;true;6300;4026
insert;15096;true;6500;4452
insert;44852;true;1900;719
insert;20931;true;8800;5459
insert;76344;true;5800;3729
insert;40451;true;1200;239
insert;72428;true;4100;3010
insert;45576;true;1900;842
insert;74000;true;4800;3249
insert;57233;true;3500;1639
insert;64508;true;1300;1680
insert;5565;true;3100;2862
insert;24544;true;1000;79
insert;7558;true;3600;3207
insert;76796;true;5800;3817
insert;22159;true;1100;166
insert;8905;true;4100;3456
insert;38271;true;1000;100
insert;83567;true;1900;2152
insert;63098;true;3100;1307
insert;3657;true;2200;2513
insert;97943;true;8100;4615
insert;71245;true;3600;2788
insert;32263;true;1400;116
insert;11587;true;5500;3908
insert;40876;true;1100;274
insert;72766;true;3900;3075
insert;78335;true;6500;4052
insert;67375;true;2300;2171
insert;46552;true;2300;999
insert;52290;true;1300;806
insert;19404;true;8300;5205
insert;31499;true;1200;167
insert;13901;true;5900;4298
insert;13014;true;6000;4175
insert;36574;true;1000;35
insert;6492;true;3300;3036
insert;42532;true;1700;557
insert;52750;true;1400;889
insert;62261;true;2400;1166
insert;57451;true;3600;1718
insert;67397;true;2500;2178
insert;76319;true;5800;3745
insert;88951;true;4600;3104
insert;14499;true;6200;4393
insert;98958;true;8100;4789
insert;83077;true;1800;2076
insert;26883;true;1300;145
insert;89821;true;4100;3245
insert;59209;true;1400;663
insert;51729;true;1100;709
insert;27533;true;1200;189
insert;3015;true;2000;2402
insert;52461;true;1300;836
insert;66559;true;2100;2048
insert;96545;true;7200;4404
insert;30092;true;1100;83
insert;21325;true;8800;5551
insert;82373;true;1600;1947
insert;45962;true;2100;932
insert;63330;true;1000;1521
insert;78651;true;6900;4122
insert;47946;true;3300;468
insert;19909;true;8500;5300
insert;49630;true;2000;753
insert;90811;true;5000;3410
insert;49131;true;1500;668
insert;92194;true;5200;3629
insert;90387;true;4400;3344
insert;22181;true;2400;177
insert;53828;true;2000;1073
insert;87736;true;3600;2899
insert;39859;true;1100;136
insert;87385;true;3500;2838
insert;46972;true;2500;1059
insert;45365;true;1800;818
insert;95266;true;6800;4211
insert;45694;true;1900;881
insert;31269;true;1100;128
insert;68259;true;3000;2339
insert;72028;true;4200;2942
insert;51167;true;2400;995
insert;80246;true;7600;4363
insert;67944;true;2700;2286
insert;73883;true;4600;3263
insert;90013;true;4500;3296
insert;37043;true;1100;48
insert;53121;true;1700;958
insert;44122;true;1200;610
insert;18987;true;9000;5147
insert;99781;true;8700;4969
insert;77457;true;6300;3944
insert;4090;true;2500;2620
insert;34137;true;1200;34
insert;34414;true;800;40
insert;67021;true;2500;2127
insert;6290;true;3400;3013
insert;41927;true;1600;458
insert;9623;true;4600;3588
insert;89760;true;4500;3250
insert;79344;true;6600;4246
insert;34036;true;1200;146
insert;74698;true;5000;3455
insert;34214;true;1200;52
insert;28671;true;1600;386
insert;99669;true;7600;4935
insert;76075;true;5700;3732
insert;65071;true;1500;1781
insert;25843;true;1200;142
insert;71452;true;3900;2854
insert;8098;true;4200;3339
insert;93277;true;6200;3854
insert;5923;true;3100;2954
insert;59123;true;1500;656
insert;47393;true;1000;394
insert;63430;true;1000;1555
insert;39905;true;900;141
insert;34131;true;1000;36
insert;29823;true;900;70
insert;76405;true;5600;3806
insert;36485;true;1200;160
insert;93864;true;5500;3967
insert;6833;true;3700;3113
insert;37618;true;9100;104
insert;31611;true;1700;205
insert;31590;true;1100;200
insert;73899;true;4700;3287
insert;59552;true;1400;705
insert;71583;true;4000;2886
insert;10844;true;5200;3810
insert;36568;true;3800;44
insert;92387;true;5400;3684
insert;38417;true;1000;82
insert;73166;true;4700;3163
insert;16853;true;7800;4793
insert;13431;true;6100;4258
insert;63924;true;1200;1632
insert;78474;true;6700;4137
insert;95874;true;7200;4343
insert;91390;true;5100;3512
insert;93497;true;5700;3897
insert;58852;true;1200;616
insert;62339;true;2800;1195
insert;91103;true;4900;3472
insert;43542;true;1300;535
insert;74937;true;5500;3532
insert;68349;true;2900;2401
insert;5828;true;3500;2945
insert;66372;true;2100;2034
insert;54905;true;3200;1269
insert;25487;true;1200;139
insert;83038;true;2000;2091
insert;81808;true;1400;1888
insert;92349;true;5600;3695
insert;83507;true;2100;2180
insert;97896;true;8100;4677
insert;41632;true;1500;387
insert;28236;true;1500;307
insert;53782;true;1800;1072
insert;2180;true;1900;2290
insert;40701;true;2700;246
insert;53614;true;1900;1047
insert;84681;true;2700;2408
insert;1546;true;1600;2187
insert;38618;true;1100;117
insert;30090;true;900;84
insert;6754;true;3900;3104
insert;64639;true;1500;1737
insert;63506;true;1100;1578
insert;16136;true;7400;4681
insert;78635;true;7300;4185
insert;8447;true;4200;3430
insert;77998;true;6700;4106
insert;73710;true;4800;3287
insert;61817;true;2500;1106
insert;74837;true;5300;3530
insert;14997;true;6800;4519
insert;78652;true;6800;4205
insert;21473;true;10300;5632
insert;44916;true;2000;744
insert;24855;true;1900;99
insert;38912;true;1200;148
insert;95590;true;7700;4325
insert;56030;true;3600;1438
insert;62632;true;2600;1257
insert;55545;true;2500;1383
insert;46255;true;2400;983
insert;79990;true;7300;4398
insert;91550;true;5200;3566
insert;44281;true;1500;658
insert;83950;true;2200;2277
insert;93306;true;5900;3900
insert;44538;true;1500;695
insert;10713;true;5700;3809
insert;69363;true;3400;2575
insert;46241;true;2200;990
insert;57605;true;3600;1768
insert;82417;true;1600;1987
insert;59605;true;1400;726
insert;32216;true;1300;111
insert;94419;true;6500;4112
insert;90744;true;5000;3455
insert;38121;true;1044300;139
insert;80228;true;18700;4446
insert;67916;true;2700;2327
insert;83540;true;3900;2200
insert;26394;true;1900;116
insert;43881;true;1700;589
insert;19801;true;17200;5338
insert;57203;true;4900;1671
insert;24728;true;1100;86
insert;15237;true;6400;4561
insert;39901;true;1200;142
insert;32207;true;1500;112
insert;52849;true;1700;930
insert;8464;true;4400;3442
insert;88939;true;6700;3163
insert;48122;true;1500;501
insert;74841;true;5400;3544
insert;33867;true;1200;115
insert;4289;true;2600;2677
insert;38352;true;7600;143
insert;16837;true;6600;4832
insert;59348;true;1800;695
insert;23173;true;1100;47
insert;96618;true;10100;4512
insert;8754;true;4400;3511
insert;66012;true;2000;1991
insert;41319;true;1200;339
insert;92956;true;4300;3841
insert;75271;true;4900;3632
insert;4062;true;2200;2646
insert;91970;true;4300;3652
insert;68478;true;2700;2445
insert;51280;true;900;639
insert;96208;true;6200;4461
insert;71998;true;4100;3002
insert;830;true;1400;2083
insert;58424;true;1100;550
insert;206;true;1100;1964
insert;97517;true;7200;4666
insert;37212;true;9800;71
insert;27905;true;1600;236
insert;79687;true;8100;4369
insert;51067;true;3700;986
insert;74564;true;5000;3488
insert;16088;true;7800;4701
insert;71358;true;3800;2885
insert;85413;true;2500;2551
insert;74288;true;4100;3426
insert;79811;true;5800;4403
insert;95368;true;6600;4314
insert;63050;true;3800;1335
insert;83067;true;2000;2125
insert;17645;true;8200;5000
insert;469;true;1100;2007
insert;66905;true;2000;2160
insert;41542;true;1600;380
insert;17602;true;7100;4992
insert;23458;true;1200;85
insert;44682;true;1900;716
insert;83514;true;2200;2206
insert;91857;true;5100;3643
insert;67245;true;2300;2213
insert;42417;true;1900;553
insert;72286;true;4500;3076
insert;866;true;1400;2103
insert;57003;true;3900;1634
insert;35355;true;1400;82
insert;7994;true;3900;3370
insert;92846;true;5600;3838
insert;10882;true;5300;3879
insert;63960;true;1300;1675
insert;67922;true;2700;2352
insert;91783;true;5100;3635
insert;51895;true;1300;749
insert;61579;true;2400;1084
insert;85911;true;2800;2632
insert;64112;true;1400;1701
insert;38729;true;1100;131
insert;15067;true;6900;4570
insert;98318;true;8400;4829
insert;87672;true;3700;2954
insert;62232;true;2600;1191
insert;40893;true;1200;286
insert;88112;true;3700;3035
insert;67573;true;2600;2302
insert;65094;true;1500;1839
insert;37514;true;5900;101
insert;61726;true;2300;1116
insert;90779;true;4900;3498
insert;91814;true;4700;3653
insert;97992;true;7500;4780
insert;10439;true;4900;3791
insert;53255;true;1900;1000
insert;40855;true;1100;283
insert;78971;true;7800;4308
insert;1307;true;1500;2194
insert;14800;true;6600;4539
insert;74410;true;5000;3479
insert;34557;true;1100;56
insert;84551;true;2100;2417
insert;7362;true;3500;3258
insert;95525;true;7000;4386
insert;13049;true;6100;4281
insert;94582;true;6300;4201
insert;48668;true;1700;595
insert;91245;true;4700;3566
insert;34779;true;8100;77
insert;30716;true;1100;135
insert;78799;true;7000;4292
insert;12463;true;5600;4180
insert;12887;true;5700;4251
insert;86093;true;2900;2681
insert;61042;true;2400;985
insert;47131;true;900;360
insert;46880;true;3600;1081
insert;76937;true;6400;3993
insert;86877;true;3300;2828
insert;35208;true;1200;73
insert;1840;true;1800;2286
insert;98914;true;8700;4961
insert;64271;true;1500;1732
insert;5847;true;3400;3003
insert;64622;true;1600;1779
insert;42358;true;1700;538
insert;93534;true;6100;4008
insert;82069;true;1500;1977
insert;15385;true;6800;4646
insert;93675;true;6100;4044
insert;90770;true;4900;3519
insert;34449;true;1100;45
insert;10284;true;4200;3781
insert;76580;true;6200;3944
insert;93867;true;5400;4094
insert;30882;true;1100;102
insert;35566;true;1300;91
insert;35735;true;900;111
insert;42065;true;1500;507
insert;84286;true;2200;2389
insert;12243;true;5000;4154
insert;59630;true;1500;742
insert;64575;true;1300;1773
insert;81315;true;1200;1848
insert;83401;true;2000;2217
insert;90784;true;4000;3534
insert;20309;true;7200;5517
insert;6649;true;30900;3142
insert;20029;true;13100;5467
insert;20008;true;8200;5466
insert;11661;true;1633300;4043
insert;28952;true;1900;105
insert;27579;true;1400;197
insert;27772;true;1000;222
insert;63415;true;2300;1598
insert;96301;true;18100;4557
insert;33676;true;1300;74
insert;6508;true;4400;3130
insert;37409;true;18900;65
insert;77472;true;15000;4091
insert;961;true;1500;2153
insert;80481;true;9100;4580
insert;16726;true;11800;4898
insert;18242;true;8800;5175
insert;207;true;900;1996
insert;97773;true;11000;4800
insert;66844;true;2300;2189
insert;88079;true;4300;3065
insert;18345;true;8500;5199
insert;57577;true;7300;1787
insert;56322;true;3000;1516
insert;17884;true;7800;5120
insert;37474;true;1100;71
insert;87455;true;3900;2954
insert;54228;true;2100;1175
insert;38017;true;25800;135
insert;30896;true;1300;109
insert;99711;true;12500;5145
insert;47890;true;1700;475
insert;43250;true;1600;506
insert;9928;true;6300;3743
insert;54546;true;2600;1230
insert;21525;true;12600;5774
insert;17017;true;8300;4963
insert;31127;true;1400;105
insert;95693;true;7500;4466
insert;2397;true;2000;2396
insert;43768;true;1400;577
insert;99367;true;9100;5091
insert;64683;true;2200;1796
insert;82274;true;1600;2016
insert;67460;true;3600;2309
insert;49705;true;2600;790
insert;61239;true;3500;1043
insert;93779;true;6700;4097
insert;88048;true;4300;3068
insert;51428;true;900;671
insert;24176;true;5300;85
insert;58834;true;1100;630
insert;34244;true;1200;31
insert;63810;true;900;1672
insert;23472;true;900;39
insert;63666;true;1100;1653
insert;61429;true;2000;1081
insert;34721;true;8400;76
insert;12399;true;7500;4211
insert;22370;true;1600;204
insert;36776;true;900;68
insert;45109;true;4000;800
insert;54916;true;2900;1308
insert;75030;true;9500;3672
insert;95492;true;9100;4437
insert;33682;true;1400;79
insert;45306;true;2000;839
insert;69786;true;3400;2727
insert;8713;true;5800;3568
insert;38960;true;1100;162
insert;69640;true;3700;2696
insert;93527;true;6700;4046
insert;11368;true;6300;4025
insert;8051;true;4700;3432
insert;75093;true;6300;3691
insert;91732;true;5800;3699
insert;59610;true;2000;746
insert;2700;true;2200;2447
insert;39953;true;1100;159
insert;68807;true;3200;2558
insert;9000;true;5300;3628
insert;129;true;900;1997
insert;34864;true;1200;63
insert;89794;true;5100;3382
insert;23414;true;1500;83
insert;54513;true;3600;1227
insert;17632;true;10700;5108
insert;62786;true;4100;1325
insert;12904;true;7800;4321
insert;81331;true;1400;1869
insert;53637;true;2100;1076
insert;60555;true;2000;926
insert;11651;true;7000;4084
insert;22191;true;1100;183
insert;82125;true;1800;2014
insert;33431;true;2400;132
insert;95768;true;11300;4509
insert;19703;true;11300;5471
insert;24634;true;8300;118
insert;691;true;1200;2112
insert;57073;true;4400;1685
insert;53720;true;2000;1094
insert;55457;true;2600;1415
insert;331;true;1000;2049
insert;44976;true;2700;780
insert;89240;true;5200;3294
insert;43650;true;1200;571
insert;83096;true;1900;2187
insert;62933;true;5800;1347
insert;42271;true;2400;538
insert;28088;true;1600;285
insert;26650;true;1200;136
insert;38815;true;1000;141
insert;35243;true;4000;111
insert;80659;true;13900;4641
insert;136;true;1000;2008
insert;50222;true;2900;869
insert;91164;true;6700;3618
insert;44092;true;1700;632
insert;80886;true;900;1797
insert;89491;true;5200;3354
insert;87170;true;3800;2923
insert;50977;true;2800;998
insert;53265;true;2200;1018
insert;31218;true;1200;126
insert;61805;true;3100;1146
insert;17830;true;12700;5157
insert;23871;true;1100;55
insert;99773;true;11900;5216
insert;95673;true;7400;4513
insert;6627;true;3900;3188
insert;71881;true;78900;3064
insert;26196;true;1400;125
insert;92013;true;6400;3790
insert;69225;true;3600;2635
insert;98087;true;8700;4921
insert;79075;true;8300;4390
insert;73396;true;4700;3315
insert;82190;true;1600;2036
insert;45508;true;2500;881
insert;87032;true;3600;2915
insert;60391;true;2100;901
insert;17757;true;9400;5155
insert;78272;true;6900;4268
insert;83435;true;2000;2270
insert;87331;true;3600;2977
insert;60395;true;1700;906
insert;60195;true;1700;865
insert;51649;true;1200;729
insert;46920;true;2600;1114
insert;7723;true;4200;3396
insert;92060;true;8600;3814
insert;78753;true;7100;4351
insert;91099;true;5000;3637
insert;9908;true;4900;3787
insert;62501;true;2800;1278
insert;62946;true;2800;1365
insert;14678;true;6700;4626
insert;49908;true;2100;823
insert;62790;true;2600;1352
insert;75909;true;5800;3866
insert;83973;true;2300;2386
insert;72162;true;4300;3127
insert;85372;true;2700;2643
insert;9648;true;4900;3751
insert;43589;true;1200;565
insert;22567;true;1200;244
insert;83922;true;2200;2378
insert;9034;true;4700;3664
insert;94652;true;6700;4335
insert;2749;true;2000;2481
insert;87237;true;3600;2964
insert;9415;true;4300;3720
insert;14975;true;7100;4685
insert;94984;true;6600;4403
insert;62714;true;2600;1335
insert;41265;true;1200;347
insert;91050;true;5000;3652
insert;62625;true;2500;1318
insert;74680;true;5700;3618
insert;66369;true;2000;2121
insert;53268;true;2100;1024
insert;92143;true;5400;3847
insert;58547;true;1100;605
insert;58868;true;800;662
insert;80380;true;8100;4626
insert;67451;true;2400;2331
insert;38240;true;1500;108
insert;45244;true;1800;846
insert;78855;true;7300;4388
insert;57172;true;3800;1721
insert;22283;true;1100;193
insert;23850;true;700;56
insert;36505;true;900;169
insert;48242;true;1100;536
insert;48898;true;1500;655
insert;4193;true;2700;2766
insert;7147;true;4000;3293
insert;27504;true;1000;188
insert;27547;true;900;203
insert;86683;true;3600;2866
insert;79335;true;7800;4467
insert;92967;true;6000;4019
insert;7997;true;4400;3468
insert;58087;true;800;519
insert;74050;true;5600;3472
insert;62149;true;2600;1230
insert;46690;true;2600;1087
insert;16163;true;8200;4885
insert;88982;true;4600;3322
insert;49115;true;1700;692
insert;53696;true;1900;1098
insert;14767;true;6800;4666
insert;69136;true;3300;2633
insert;47185;true;900;381
insert;25471;true;1700;143
insert;89474;true;4700;3391
insert;46485;true;2200;1062
insert;55607;true;2800;1445
insert;56570;true;3000;1608
insert;636;true;1200;2121
insert;93583;true;6500;4150
insert;92650;true;5800;3957
insert;14549;true;7000;4632
insert;94563;true;6900;4352
insert;58906;true;1200;673
insert;96268;true;7400;4687
insert;96057;true;6200;4656
insert;32841;true;1500;37
insert;17813;true;8000;5207
insert;33976;true;1200;146
insert;77455;true;7500;4154
insert;627;true;1300;2122
insert;22472;true;1100;236
insert;49287;true;1600;734
insert;5141;true;3100;2959
insert;20845;true;9700;5774
insert;20865;true;9500;5779
insert;11967;true;5900;4216
insert;30924;true;1200;116
insert;5601;true;3000;3045
insert;87899;true;4000;3115
insert;49746;true;1800;825
insert;70143;true;3600;2813
insert;53698;true;2000;1105
insert;75137;true;5900;3740
insert;85657;true;3000;2708
insert;43090;true;900;487
insert;69238;true;3300;2661
insert;78640;true;7200;4366
insert;90016;true;4800;3505
insert;621;true;1200;2128
insert;67116;true;2400;2271
insert;50982;true;2500;1022
insert;80439;true;7700;4672
insert;96514;true;8100;4734
insert;55130;true;2600;1384
insert;22516;true;1200;245
insert;82253;true;1500;2071
insert;95307;true;7000;4516
insert;4885;true;3100;2927
insert;27902;true;1200;250
insert;5689;true;3200;3066
insert;81407;true;1200;1929
insert;59884;true;1600;834
insert;44300;true;1500;698
insert;40538;true;800;232
insert;43973;true;1200;637
insert;14287;true;7000;4633
insert;8009;true;4400;3502
insert;34317;true;9400;50
insert;49973;true;1800;849
insert;3181;true;2200;2585
insert;30803;true;1100;87
insert;79361;true;7900;4499
insert;54266;true;2300;1215
insert;10617;true;5600;3984
insert;84553;true;2600;2522
insert;19315;true;8900;5519
insert;74935;true;5800;3706
insert;80956;true;1000;1851
insert;21796;true;10200;5980
insert;7368;true;3900;3381
insert;98382;true;9200;5076
insert;56032;true;3000;1512
insert;19766;true;8700;5602
insert;76040;true;6600;3943
insert;38922;true;1300;158
insert;60020;true;1600;853
insert;99360;true;8700;5249
insert;73629;true;5200;3410
insert;45376;true;1900;886
insert;74528;true;5600;3609
insert;18593;true;8200;5397
insert;84706;true;2700;2570
insert;28216;true;1400;325
insert;98520;true;8200;5111
insert;53713;true;1900;1113
insert;3227;true;2100;2604
insert;71343;true;4200;2994
insert;9885;true;5300;3857
insert;86078;true;3000;2796
insert;27;true;1300;2026
insert;76822;true;6100;4097
insert;75081;true;5800;3758
insert;44782;true;1600;771
insert;84442;true;2500;2513
insert;3531;true;2400;2665
insert;39676;true;800;112
insert;20209;true;9000;5700
insert;14095;true;6800;4623
insert;2259;true;1900;2448
insert;17903;true;8000;5295
insert;74402;true;5000;3575
insert;53668;true;1900;1104
insert;87610;true;3700;3084
insert;17106;true;7800;5134
insert;77326;true;6800;4176
insert;73338;true;4600;3349
insert;63249;true;1000;1612
insert;68180;true;2700;2489
insert;82611;true;1600;2145
insert;25622;true;1300;162
insert;79236;true;7700;4512
insert;51332;true;800;681
insert;31639;true;1500;219
insert;48846;true;1500;652
insert;7192;true;3800;3365
insert;27052;true;1400;142
insert;17780;true;8000;5274
insert;63653;true;1100;1699
insert;53816;true;1900;1148
insert;50856;true;2500;1017
insert;37262;true;1000;52
insert;50528;true;2000;968
insert;2679;true;2100;2519
insert;31844;true;1000;250
insert;78873;true;7300;4458
insert;99149;true;9500;5230
insert;15593;true;7600;4874
insert;49808;true;1800;839
insert;87382;true;3800;3053
insert;2979;true;2200;2575
insert;14546;true;6900;4708
insert;4451;true;2800;2879
insert;20219;true;9300;5736
insert;19451;true;8800;5601
insert;52781;true;1500;955
insert;82693;true;1700;2174
insert;47376;true;900;418
insert;40824;true;1000;277
insert;55887;true;3100;1516
insert;54407;true;2300;1257
insert;86657;true;3400;2911
insert;28383;true;1500;370
insert;97070;true;7800;4864
insert;81129;true;1000;1893
insert;12025;true;6500;4294
insert;63462;true;1000;1663
insert;84830;true;2700;2618
insert;24318;true;4700;95
insert;48214;true;1100;547
insert;68496;true;3300;2570
insert;78008;true;7200;4333
insert;85757;true;3100;2765
insert;17467;true;8100;5231
insert;59745;true;1600;802
insert;31564;true;1100;203
insert;63231;true;1000;1620
insert;94179;true;6500;4336
insert;50651;true;2100;1002
insert;92301;true;5600;3965
insert;14954;true;7200;4790
insert;29866;true;1600;49
insert;98449;true;7300;5138
insert;22481;true;1000;244
insert;87042;true;2800;3005
insert;78171;true;6500;4359
insert;5744;true;3300;3123
insert;58903;true;1100;677
insert;47504;true;700;443
insert;61723;true;2500;1178
insert;10977;true;5500;4096
insert;90459;true;4700;3642
insert;75838;true;5700;3936
insert;25457;true;1400;145
insert;72744;true;3900;3317
insert;89787;true;5100;3519
insert;83005;true;1900;2248
insert;43077;true;900;492
insert;11945;true;7000;4285
insert;10294;true;6100;3966
insert;45738;true;3400;969
insert;71622;true;5000;3096
insert;3261;true;2500;2643
insert;20610;true;12600;5852
insert;96342;true;9900;4785
insert;11400;true;5800;4191
insert;15076;true;8600;4832
insert;2388;true;1400;2493
insert;1121;true;1200;2292
insert;41583;true;1400;408
insert;46714;true;2700;1114
insert;77380;true;7600;4221
insert;85460;true;3200;2730
insert;85692;true;19500;2773
insert;85084;true;2900;2676
insert;65919;true;2300;2082
insert;92147;true;7800;3953
insert;38952;true;1200;169
insert;90840;true;7200;3726
insert;5079;true;4000;3025
insert;32022;true;1200;83
insert;12723;true;9700;4456
insert;16863;true;12900;5151
insert;57654;true;7300;1880
insert;33571;true;1200;153
insert;66034;true;2500;2111
insert;88383;true;5000;3291
insert;39954;true;900;165
insert;35799;true;1000;123
insert;82795;true;1500;2210
insert;89338;true;4800;3461
insert;8572;true;7000;3700
insert;91531;true;8900;3850
insert;27208;true;1500;151
insert;97617;true;11600;5029
insert;17244;true;10500;5231
insert;93669;true;7400;4284
insert;70838;true;5000;2964
insert;70225;true;4800;2889
insert;7901;true;6600;3552
insert;73202;true;24300;3382
insert;85056;true;5300;2683
insert;98110;true;12500;5122
insert;8533;true;8900;3695
insert;94030;true;5700;4369
insert;2560;true;1900;2536
insert;62468;true;3500;1311
insert;45383;true;2500;897
insert;59697;true;1500;800
insert;49848;true;2400;854
insert;35642;true;1800;101
insert;71118;true;4200;3017
insert;5297;true;3300;3073
insert;73348;true;3900;3402
insert;36544;true;9500;44
insert;94307;true;6300;4418
insert;69599;true;3400;2777
insert;21374;true;12300;6022
insert;57758;true;5200;1899
insert;54516;true;2200;1282
insert;8915;true;4400;3769
insert;95589;true;7900;4695
insert;90160;true;4900;3628
insert;77211;true;784500;4218
insert;8127;true;7500;3618
insert;76295;true;7500;4065
insert;28250;true;2100;339
insert;94201;true;10300;4401
insert;8490;true;4800;3701
insert;72564;true;5100;3320
insert;60986;true;2700;1039
insert;15077;true;8600;4874
insert;43468;true;1700;568
insert;27191;true;14300;208
insert;38390;true;800;86
insert;40644;true;1100;259
insert;47305;true;1100;415
insert;55109;true;3200;1407
insert;16205;true;8500;5067
insert;73035;true;5600;3387
insert;97064;true;8500;4944
insert;37046;true;8000;68
insert;45747;true;2500;987
insert;71935;true;4100;3174
insert;49740;true;2300;846
insert;23980;true;4100;73
insert;41798;true;1600;470
insert;86482;true;3300;2935
insert;49218;true;1300;743
insert;40673;true;900;263
insert;15036;true;7100;4864
insert;20935;true;9400;5977
insert;56252;true;3100;1586
insert;3802;true;2200;2788
insert;64699;true;1400;1885
insert;18249;true;8000;5469
insert;48919;true;1500;692
insert;20302;true;8600;5852
insert;58623;true;1300;632
insert;90139;true;4800;3626
insert;67926;true;2900;2486
insert;4385;true;2900;2903
insert;90203;true;4700;3645
insert;69492;true;3400;2777
insert;69394;true;3000;2758
insert;91765;true;5400;3916
insert;24735;true;1300;88
insert;40174;true;1200;210
insert;75530;true;7000;3921
insert;39586;true;900;132
insert;51260;true;700;673
insert;5258;true;3400;3088
insert;53864;true;2200;1174
insert;60233;true;1700;913
insert;59239;true;1000;732
insert;8997;true;4600;3815
insert;74732;true;627200;3764
insert;7744;true;7600;3550
insert;51646;true;1600;757
insert;73731;true;7600;3527
insert;67353;true;2800;2378
insert;27776;true;1400;236
insert;10868;true;5800;4149
insert;67514;true;2200;2419
insert;5449;true;3100;3120
insert;72240;true;4600;3264
insert;80560;true;9400;4841
insert;73073;true;4500;3420
insert;5779;true;3200;3187
insert;52164;true;1400;850
insert;26077;true;1400;196
insert;64904;true;1300;1931
insert;17529;true;8900;5344
insert;29588;true;1600;57
insert;26408;true;9700;171
insert;14612;true;7500;4825
insert;95759;true;11200;4747
insert;27137;true;1200;150
insert;55450;true;3500;1481
insert;89293;true;4700;3472
insert;30717;true;1300;138
insert;81455;true;1200;1997
insert;10770;true;6200;4140
insert;34748;true;1200;55
insert;37906;true;1200;92
insert;21433;true;11600;6097
insert;29646;true;9200;83
insert;26743;true;1100;153
insert;44141;true;2100;672
insert;90759;true;5600;3754
insert;766;true;1400;2242
insert;72523;true;5300;3348
insert;77482;true;7400;4325
insert;66013;true;1700;2142
insert;42256;true;2100;558
insert;83203;true;2000;2329
insert;31246;true;1400;140
insert;42023;true;1500;521
insert;51791;true;1200;788
insert;83732;true;2300;2428
insert;16453;true;8700;5161
insert;19314;true;10000;5704
insert;59575;true;1700;783
insert;85489;true;3200;2783
insert;35763;true;1200;120
insert;80587;true;9300;4859
insert;21372;true;10900;6093
insert;65912;true;2000;2114
insert;83180;true;1700;2322
insert;8646;true;4700;3768
insert;35510;true;6600;124
insert;71737;true;4300;3185
insert;52210;true;1300;861
insert;35653;true;3500;142
insert;27284;true;900;171
insert;86748;true;3800;3013
insert;65098;true;1700;1970
insert;66894;true;2300;2317
insert;59241;true;1400;736
insert;44363;true;1600;727
insert;8077;true;4600;3645
insert;11966;true;6400;4390
insert;26039;true;1200;187
insert;97028;true;8900;4980
insert;4753;true;3100;3011
insert;25731;true;900;181
insert;794;true;1100;2256
insert;35895;true;800;151
insert;22646;true;1200;277
insert;49340;true;2200;775
insert;82239;true;1600;2141
insert;72840;true;5200;3410
insert;30602;true;900;107
insert;66957;true;2400;2335
insert;81256;true;1200;1964
insert;57459;true;4300;1886
insert;24063;true;800;58
insert;69506;true;3600;2820
insert;59218;true;1400;735
insert;81940;true;1600;2087
insert;32065;true;1400;92
insert;33317;true;1100;112
insert;25974;true;1200;170
insert;6079;true;3800;3261
insert;25600;true;1000;163
insert;29051;true;1000;118
insert;73226;true;5200;3467
insert;84390;true;2700;2588
insert;24747;true;900;91
insert;96088;true;8100;4851
insert;94703;true;7500;4564
insert;91312;true;5600;3871
insert;36495;true;1100;166
insert;11841;true;6500;4372
insert;84136;true;2500;2542
insert;76272;true;7000;4144
insert;54382;true;2300;1277
insert;79299;true;8000;4671
insert;74197;true;5600;3670
insert;25305;true;1000;141
insert;37234;true;800;57
insert;89306;true;4800;3519
insert;44629;true;1800;762
insert;77125;true;16500;4291
insert;64269;true;1400;1854
insert;98853;true;9800;5342
insert;45915;true;2500;1027
insert;23078;true;1500;360
insert;21086;true;10900;6075
insert;41776;true;1600;470
insert;53710;true;1900;1150
insert;77705;true;7800;4421
insert;60857;true;2200;1050
insert;92184;true;6500;4061
insert;41334;true;1100;375
insert;47640;true;1100;472
insert;51943;true;1100;819
insert;15868;true;8000;5060
insert;90284;true;5200;3704
insert;6171;true;3800;3285
insert;62357;true;2900;1321
insert;92093;true;6000;4041
insert;21421;true;10600;6140
insert;54480;true;2400;1306
insert;21020;true;10600;6073
insert;86126;true;3400;2918
insert;68641;true;3300;2670
insert;86166;true;3300;2923
insert;69753;true;4000;2875
insert;65854;true;2000;2130
insert;41892;true;1500;504
insert;86810;true;3800;3060
insert;73513;true;5300;3539
insert;96291;true;8000;4915
insert;40911;true;900;315
insert;23907;true;500;64
insert;97550;true;6200;5128
insert;28782;true;900;79
insert;85635;true;2500;2841
insert;7021;true;3400;3442
insert;97972;true;7300;5208
insert;96733;true;6700;4993
insert;94432;true;6000;4552
insert;48924;true;1700;701
insert;26802;true;1000;156
insert;90929;true;5200;3843
insert;63269;true;4400;1686
insert;25127;true;4100;116
insert;49272;true;5500;766
insert;51978;true;3000;827
insert;10619;true;20800;4149
insert;28193;true;3200;332
insert;56673;true;7700;1712
insert;28414;true;1900;393
insert;94671;true;22200;4600
insert;57392;true;5200;1885
insert;71273;true;12200;3117
insert;19698;true;19700;5802
insert;85905;true;3900;2883
insert;23874;true;1800;62
insert;6741;true;5400;3393
insert;50031;true;4100;907
insert;15403;true;7500;5010
insert;80207;true;16700;4852
insert;41205;true;2200;360
insert;46435;true;6100;1100
insert;86509;true;4000;3008
insert;63242;true;1100;1679
insert;48865;true;1600;686
insert;84141;true;2900;2563
insert;91157;true;7000;3888
insert;27127;true;1900;149
insert;50935;true;3100;1079
insert;5886;true;4300;3245
insert;74414;true;6600;3752
insert;57926;true;1300;522
insert;14863;true;6800;4920
insert;19995;true;25400;5881
insert;6766;true;4100;3408
insert;20339;true;11200;5965
insert;42522;true;2800;633
insert;74131;true;5900;3681
insert;90997;true;6600;3871
insert;39391;true;1600;103
insert;45347;true;2300;905
insert;3635;true;2400;2790
insert;70470;true;4400;3016
insert;87993;true;4500;3304
insert;30082;true;2000;86
insert;12330;true;6800;4503
insert;48525;true;1700;612
insert;26599;true;37700;186
insert;71010;true;5100;3091
insert;53330;true;3000;1086
insert;49350;true;2000;795
insert;75243;true;6900;3970
insert;48661;true;1300;652
insert;95864;true;144100;4875
insert;69224;true;7000;2793
insert;31776;true;2600;249
insert;17282;true;19600;5370
insert;61130;true;4500;1101
insert;88800;true;5000;3478
insert;26852;true;1500;143
insert;86565;true;3000;3033
insert;39543;true;1500;128
insert;47947;true;1900;531
insert;43330;true;1900;548
insert;16442;true;7100;5221
insert;41936;true;2600;522
insert;45148;true;2800;871
insert;31491;true;1000;186
insert;68343;true;3200;2650
insert;62164;true;3300;1288
insert;29012;true;1700;118
insert;49783;true;2900;890
insert;88335;true;4200;3386
insert;93946;true;7000;4483
insert;30959;true;1300;128
insert;50135;true;2400;943
insert;77385;true;11900;4389
insert;65982;true;1800;2176
insert;63342;true;900;1715
insert;20542;true;12600;6020
insert;17018;true;8500;5329
insert;49552;true;1800;840
insert;74902;true;6300;3910
insert;59501;true;1600;785
insert;74208;true;6300;3727
insert;24564;true;1500;82
insert;44971;true;2200;834
insert;85545;true;3500;2844
insert;57657;true;8000;1941
insert;75720;true;7400;4090
insert;84649;true;2700;2675
insert;60926;true;2100;1064
insert;20903;true;10500;6096
insert;37730;true;1900;89
insert;47828;true;800;519
insert;72852;true;4600;3473
insert;405;true;1200;2195
insert;36058;true;1500;107
insert;71701;true;4400;3252
insert;19899;true;9000;5886
insert;78741;true;8800;4657
insert;39006;true;1700;189
insert;45643;true;2800;973
insert;92227;true;8000;4132
insert;23701;true;15500;72
insert;41716;true;2200;471
insert;92089;true;6000;4099
insert;20105;true;9700;5937
insert;45993;true;2700;1064
insert;36445;true;1300;164
insert;25463;true;1500;153
insert;23325;true;1100;74
insert;65970;true;2200;2184
insert;24602;true;5200;121
insert;48732;true;1600;678
insert;60355;true;2100;967
insert;77620;true;8400;4473
insert;16611;true;8000;5266
insert;82514;true;1800;2228
insert;77651;true;7800;4484
insert;36124;true;1000;119
insert;64651;true;1400;1943
insert;36186;true;900;126
insert;73200;true;5300;3530
insert;69264;true;3700;2831
insert;93578;true;7400;4409
insert;67734;true;2800;2552
insert;15135;true;6700;4997
insert;1183;true;1300;2384
insert;4521;true;2900;2997
insert;31020;true;1300;135
insert;55159;true;3300;1466
insert;23464;true;1700;38
insert;70101;true;3800;2991
insert;60338;true;1900;964
insert;50207;true;3000;975
insert;59199;true;1200;745
insert;77557;true;8100;4474
insert;16078;true;8500;5150
insert;36057;true;1000;111
insert;3155;true;2200;2711
insert;84565;true;3100;2662
insert;71704;true;4500;3275
insert;98726;true;11300;5425
insert;50613;true;2200;1064
insert;42340;true;2700;594
insert;16619;true;36900;5286
insert;70655;true;5300;3076
insert;13858;true;7400;4779
insert;85532;true;3700;2858
insert;31379;true;1300;171
insert;21625;true;13700;6272
insert;9666;true;5300;4011
insert;2550;true;1900;2614
insert;86459;true;3600;3031
insert;52662;true;1900;973
insert;60695;true;2800;1042
insert;69512;true;3900;2893
insert;60112;true;1600;923
insert;82328;true;1700;2202
insert;72861;true;6200;3510
insert;92033;true;6500;4105
insert;48205;true;1400;581
insert;30592;true;1400;106
insert;88890;true;4900;3528
insert;84122;true;2500;2581
insert;3588;true;2400;2809
insert;79225;true;9600;4779
insert;28423;true;2500;398
insert;65121;true;1700;2038
insert;96850;true;9000;5096
insert;60222;true;1900;942
insert;74934;true;6400;3967
insert;34551;true;1700;57
insert;10212;true;5700;4110
insert;49915;true;2100;926
insert;11691;true;6100;4401
insert;67078;true;2600;2420
insert;1655;true;1800;2466
insert;62112;true;2800;1309
insert;74691;true;6100;3911
insert;24567;true;11400;122
insert;74778;true;5900;3940
insert;46318;true;4000;1103
insert;70667;true;4200;3099
insert;81595;true;1400;2085
insert;56433;true;4200;1676
insert;87903;true;4300;3340
insert;50305;true;2300;1003
insert;99702;true;23500;5629
insert;92585;true;5300;4236
insert;93700;true;6500;4487
insert;24233;true;8400;92
insert;60294;true;1500;964
insert;72279;true;4900;3402
insert;40570;true;1000;261
insert;97318;true;7700;5186
insert;15016;true;8000;5007
insert;6345;true;3100;3384
insert;656;true;1000;2267
insert;21948;true;10200;6372
insert;97037;true;7900;5141
insert;61547;true;2300;1213
insert;34176;true;1000;49
insert;79911;true;8800;4909
insert;801;true;1400;2311
insert;93428;true;5700;4416
insert;28904;true;1300;97
insert;57832;true;4800;1981
insert;38423;true;800;96
insert;63654;true;1200;1812
insert;82895;true;1700;2337
insert;47963;true;1100;546
insert;45976;true;2400;1066
insert;89881;true;5400;3726
insert;85422;true;2900;2857
insert;57740;true;3300;1966
insert;34897;true;5800;88
insert;18651;true;10800;5712
insert;62769;true;3500;1452
insert;83131;true;2200;2392
insert;80387;true;9600;5007
insert;38109;true;4300;141
insert;44375;true;1600;743
insert;96892;true;10900;5143
insert;91973;true;6900;4122
insert;61838;true;2500;1269
insert;93587;true;5900;4473
insert;70349;true;4300;3066
insert;95666;true;7700;4924
insert;99282;true;9200;5591
insert;18357;true;9100;5667
insert;3320;true;2100;2774
insert;96368;true;7700;5060
insert;91471;true;4700;4027
insert;24142;true;10600;93
insert;35922;true;600;84
insert;44848;true;1500;818
insert;31559;true;1400;214
insert;65746;true;2000;2163
insert;13423;true;5800;4753
insert;16920;true;7000;5376
insert;19761;true;10800;5937
insert;9838;true;6500;4078
insert;54804;true;3000;1397
insert;57288;true;4100;1868
insert;46597;true;2900;1159
insert;48648;true;1900;671
insert;37108;true;1100;49
insert;91275;true;5800;3994
insert;70626;true;4800;3104
insert;89426;true;4200;3657
insert;20042;true;8000;6001
insert;61980;true;3100;1300
insert;4685;true;2600;3076
insert;27887;true;1300;261
insert;67153;true;2100;2449
insert;77098;true;8000;4432
insert;72781;true;4200;3535
insert;89600;true;13600;3690
insert;81946;true;1400;2161
insert;42307;true;2100;598
insert;40212;true;1500;217
insert;28398;true;1600;396
insert;20184;true;9100;6031
insert;48262;true;1300;602
insert;4079;true;2400;2950
insert;21990;true;1300;143
insert;99912;true;11800;5740
insert;3382;true;2200;2793
insert;55495;true;3100;1533
insert;376;true;1200;2230
insert;79839;true;9300;4926
insert;54199;true;2000;1276
insert;15986;true;8300;5203
insert;6919;true;3600;3520
insert;76919;true;6500;4413
insert;13452;true;6900;4785
insert;91116;true;6200;3979
insert;89690;true;4900;3716
insert;40507;true;900;249
insert;17886;true;9300;5616
insert;4556;true;3100;3065
insert;81141;true;1100;2015
insert;84883;true;2400;2788
insert;13620;true;6600;4812
insert;38057;true;1000;107
insert;99372;true;10100;5649
insert;63348;true;1100;1756
insert;4743;true;2900;3109
insert;89665;true;5100;3722
insert;74842;true;6900;3989
insert;89540;true;4700;3701
insert;39777;true;1000;130
insert;35262;true;7100;113
insert;86164;true;3300;3024
insert;41789;true;1700;496
insert;11210;true;6300;4372
insert;42341;true;1700;609
insert;11944;true;6600;4521
insert;39185;true;900;71
insert;32009;true;1300;85
insert;16467;true;7300;5342
insert;91288;true;4900;4031
insert;62276;true;4200;1355
insert;85193;true;2300;2850
insert;42641;true;1100;452
insert;97484;true;7100;5303
insert;35791;true;1400;129
insert;39085;true;1000;203
insert;90841;true;4600;3960
insert;78715;true;8200;4752
insert;82976;true;1700;2385
insert;5596;true;3100;3275
insert;70773;true;7300;3143
insert;48161;true;1500;581
insert;65072;true;1700;2050
insert;92786;true;6400;4362
insert;3587;true;2600;2854
insert;97222;true;8000;5267
insert;86890;true;3000;3192
insert;60617;true;1900;1042
insert;50245;true;2900;1002
insert;53796;true;1900;1203
insert;70917;true;3800;3165
insert;14335;true;8200;4969
insert;16413;true;8100;5340
insert;79349;true;8500;4878
insert;46014;true;3500;1085
insert;24237;true;1200;70
insert;68529;true;3400;2751
insert;85848;true;3300;2981
insert;8519;true;4900;3883
insert;1678;true;1900;2510
insert;90955;true;5800;3990
insert;86138;true;3600;3039
insert;11912;true;5900;4533
insert;35358;true;5800;119
insert;78001;true;8000;4652
insert;74169;true;5800;3815
insert;67138;true;2700;2468
insert;53090;true;1700;1062
insert;79511;true;7900;4907
insert;91143;true;5200;4028
insert;12502;true;5600;4660
insert;61216;true;12400;1163
insert;2299;true;1900;2615
insert;77026;true;8000;4454
insert;86071;true;3700;3027
insert;5434;true;3200;3260
insert;43392;true;1300;572
insert;74997;true;6400;4059
insert;60078;true;1700;930
insert;16758;true;8300;5431
insert;47309;true;900;447
insert;19800;true;12400;6024
insert;4807;true;2800;3155
insert;22147;true;1100;172
insert;11325;true;5800;4422
insert;97313;true;10100;5296
insert;94175;true;19100;4677
insert;15478;true;18800;5183
insert;7881;true;4700;3754
insert;38185;true;2000;108
insert;99184;true;12400;5668
insert;50049;true;3900;966
insert;47747;true;900;519
insert;11562;true;6400;4475
insert;25737;true;1500;202
insert;48679;true;1300;696
insert;66803;true;4800;2410
insert;12428;true;7100;4664
insert;32139;true;1500;112
insert;42044;true;2500;562
insert;2748;true;2400;2709
insert;1505;true;1500;2494
insert;84427;true;2500;2709
insert;36180;true;1000;133
insert;44843;true;2600;827
insert;95770;true;7800;5032
insert;1573;true;1700;2505
insert;50083;true;2000;981
insert;51029;true;2700;1162
insert;76972;true;12400;4457
insert;34492;true;1100;60
insert;20457;true;12500;6208
insert;71599;true;4700;3310
insert;35950;true;800;92
insert;61822;true;4000;1277
insert;36593;true;1100;34
insert;98049;true;9300;5455
insert;96636;true;9000;5198
insert;87530;true;4300;3343
insert;85497;true;3100;2936
insert;76777;true;7600;4435
insert;43885;true;1500;660
insert;57378;true;6400;1913
insert;85421;true;3300;2915
insert;64334;true;1500;1956
insert;55384;true;2700;1524
insert;14927;true;17700;5111
insert;77420;true;8800;4549
insert;28092;true;2100;315
insert;86998;true;4700;3242
insert;6148;true;4400;3422
insert;46117;true;3600;1103
insert;4691;true;2900;3139
insert;23422;true;800;89
insert;85727;true;2700;2987
insert;899;true;1300;2390
insert;22941;true;1800;343
insert;88799;true;4200;3616
insert;41724;true;4000;485
insert;27024;true;1700;159
insert;53196;true;1800;1083
insert;7873;true;4500;3773
insert;85524;true;2800;2951
insert;81151;true;1000;2050
insert;46499;true;2500;1164
insert;19792;true;10600;6066
insert;45357;true;1600;945
insert;83259;true;1800;2479
insert;80603;true;10600;5134
insert;96593;true;8300;5214
insert;86275;true;2800;3101
insert;25882;true;1200;169
insert;41911;true;1600;538
insert;40626;true;700;281
insert;51959;true;1000;844
insert;99120;true;8800;5700
insert;4375;true;2400;3065
insert;11589;true;4800;4512
insert;94386;true;5900;4767
insert;2523;true;2100;2691
insert;14958;true;6500;5140
insert;6847;true;3400;3583
insert;45343;true;2000;942
insert;30427;true;1300;85
insert;5182;true;3000;3264
insert;15689;true;6600;5271
insert;22929;true;1200;340
insert;65833;true;2600;2217
insert;37682;true;13000;111
insert;32288;true;1200;145
insert;67414;true;3500;2548
insert;11941;true;6700;4602
insert;66889;true;2500;2439
insert;32753;true;1100;56
insert;30457;true;700;90
insert;67274;true;2800;2516
insert;94862;true;10600;4882
insert;69821;true;4900;3033
insert;95429;true;8400;4991
insert;16563;true;8700;5455
insert;48697;true;1900;703
insert;85343;true;3200;2916
insert;75040;true;8100;4098
insert;43437;true;1400;595
insert;71681;true;5100;3365
insert;46976;true;3300;1248
insert;68682;true;3400;2808
insert;63220;true;900;1755
insert;50123;true;2600;994
insert;39615;true;700;111
insert;6244;true;4100;3470
insert;63689;true;1200;1860
insert;98078;true;10900;5511
insert;37890;true;1200;91
insert;54935;true;3200;1449
insert;4502;true;3100;3109
insert;95610;true;8100;5048
insert;42813;true;1000;487
insert;62469;true;4300;1408
insert;94812;true;6900;4881
insert;20765;true;11700;6322
insert;10518;true;5900;4321
insert;80726;true;11200;5189
insert;74532;true;6300;3966
insert;19238;true;8700;6006
insert;91587;true;6500;4178
insert;5138;true;3400;3257
insert;44149;true;1500;714
insert;25175;true;1300;137
insert;47686;true;1000;519
insert;50420;true;2600;1070
insert;77862;true;8200;4691
insert;19218;true;10000;6006
insert;44271;true;1500;749
insert;89018;true;5200;3693
insert;60942;true;2300;1105
insert;75715;true;7000;4254
insert;29893;true;1100;59
insert;86797;true;3900;3232
insert;5968;true;3900;3425
insert;1164;true;1500;2474
insert;31065;true;1000;140
insert;18798;true;9900;5933
insert;56756;true;3800;1770
insert;44524;true;1600;798
insert;35010;true;1100;68
insert;43083;true;800;535
insert;57315;true;3900;1909
insert;50895;true;2800;1161
insert;75340;true;6700;4173
insert;95647;true;8800;5065
insert;43511;true;1100;618
insert;74601;true;5900;3990
insert;11989;true;6900;4646
insert;68770;true;3600;2841
insert;59893;true;1700;898
insert;91698;true;6400;4204
insert;86731;true;4000;3221
insert;81317;true;1200;2108
insert;47388;true;900;470
insert;549;true;1100;2309
insert;33215;true;1100;93
insert;84182;true;2500;2695
insert;80815;true;1000;2004
insert;62870;true;3000;1501
insert;47182;true;1200;437
insert;17466;true;7900;5674
insert;14867;true;7100;5161
insert;42441;true;2500;650
insert;49003;true;1600;788
insert;27473;true;1200;202
insert;66284;true;2300;2342
insert;8303;true;4800;3918
insert;83628;true;2200;2579
insert;65095;true;1700;2099
insert;12835;true;6600;4819
insert;60254;true;1800;978
insert;37608;true;1000;77
insert;4179;true;2800;3064
insert;61673;true;2500;1259
insert;11896;true;6500;4629
insert;90810;true;5900;4046
insert;66750;true;2500;2440
insert;25652;true;1400;190
insert;73179;true;5300;3677
insert;5805;true;3800;3414
insert;25823;true;1100;160
insert;78443;true;8300;4800
insert;81988;true;1500;2243
insert;65858;true;2000;2257
insert;70359;true;4100;3164
insert;49059;true;1700;803
insert;6539;true;4100;3561
insert;22022;true;1000;151
insert;62207;true;2800;1364
insert;37563;true;900;75
insert;89498;true;5000;3800
insert;85621;true;3400;3013
insert;14359;true;8100;5104
insert;11505;true;6400;4553
insert;26793;true;11200;210
insert;84149;true;2300;2704
insert;95866;true;8600;5155
insert;6933;true;4400;3646
insert;64597;true;1500;2017
insert;17031;true;8900;5615
insert;36822;true;700;81
insert;57794;true;4200;2020
insert;39450;true;1000;116
insert;81242;true;1100;2102
insert;16892;true;9000;5584
insert;22274;true;800;210
insert;71539;true;4800;3354
insert;23194;true;1000;56
insert;69946;true;4000;3091
insert;6002;true;3800;3463
insert;64488;true;1500;2006
insert;6549;true;4100;3574
insert;28589;true;1800;437
insert;79331;true;8800;4993
insert;29948;true;900;70
insert;86778;true;3600;3263
insert;90753;true;5700;4054
insert;98379;true;9600;5639
insert;29508;true;4700;73
insert;37319;true;800;61
insert;82091;true;1400;2280
insert;54754;true;2400;1411
insert;8496;true;5100;3999
insert;96162;true;6600;5225
insert;14234;true;6500;5100
insert;20608;true;8800;6371
insert;9498;true;4500;4182
insert;48994;true;1800;790
insert;55731;true;2700;1594
insert;71616;true;4700;3396
insert;34133;true;1200;40
insert;3031;true;2200;2823
insert;25874;true;1100;173
insert;95430;true;7000;5060
insert;83651;true;16900;2605
insert;28463;true;3400;422
insert;80009;true;11100;5107
insert;28875;true;1200;94
insert;8892;true;7900;4080
insert;46929;true;3700;1259
insert;96726;true;10800;5332
insert;60307;true;2300;995
insert;31184;true;1200;131
insert;99346;true;10600;5843
insert;34890;true;8300;87
insert;96721;true;59800;5332
insert;77348;true;13900;4622
insert;19950;true;16700;6227
insert;32556;true;1800;43
insert;67051;true;2400;2517
insert;9933;true;4700;4264
insert;1407;true;1500;2549
insert;97765;true;12700;5539
insert;19074;true;8400;6056
insert;13004;true;6400;4909
insert;88577;true;4300;3642
insert;69646;true;3700;3042
insert;33209;true;2100;92
insert;64632;true;1400;2039
insert;57119;true;4500;1861
insert;78954;true;7900;4936
insert;67547;true;2700;2645
insert;7532;true;4300;3788
insert;6892;true;3500;3663
insert;88534;true;4400;3639
insert;94723;true;6400;4928
insert;81032;true;1400;2073
insert;83536;true;2100;2588
insert;16564;true;7400;5558
insert;27848;true;1200;263
insert;96844;true;7600;5373
insert;5582;true;3500;3389
